Ticker,Date,Open,High,Low,Close,Adj Close,Volume
manchesterunited,2022-01-18,14.08,14.39,14.04,14.06,13.959412,363600
manchesterunited,2022-01-19,14.05,14.19,13.89,13.95,13.850199,408300
manchesterunited,2022-01-20,13.92,14.01,13.69,13.72,13.621844,401100
manchesterunited,2022-01-21,13.61,13.68,13.36,13.51,13.413346,364000
manchesterunited,2022-01-24,13.35,13.54,13.1,13.52,13.423275,630200
manchesterunited,2022-01-25,13.4,13.48,13.11,13.25,13.155207,404700
manchesterunited,2022-01-26,13.28,13.44,13.13,13.21,13.115493,417200
manchesterunited,2022-01-27,13.25,13.5,13.2,13.42,13.323991,255700
manchesterunited,2022-01-28,13.43,13.54,13.27,13.54,13.443131,224800
manchesterunited,2022-01-31,13.62,13.81,13.57,13.73,13.631772,166600
manchesterunited,2022-02-01,13.8,13.83,13.63,13.76,13.661558,169500
manchesterunited,2022-02-02,13.7,13.74,13.46,13.68,13.58213,393600
manchesterunited,2022-02-03,13.52,13.62,13.47,13.51,13.413346,154800
manchesterunited,2022-02-04,13.5,13.57,13.39,13.51,13.413346,178600
manchesterunited,2022-02-07,13.45,13.57,13.34,13.56,13.462989,138900
manchesterunited,2022-02-08,13.63,13.72,13.52,13.69,13.592058,177700
manchesterunited,2022-02-09,13.75,13.84,13.67,13.75,13.651629,245500
manchesterunited,2022-02-10,13.7,14.11,13.69,14.08,13.979268,255000
manchesterunited,2022-02-11,14.07,14.19,13.81,13.85,13.750915,251600
manchesterunited,2022-02-14,13.76,14.0,13.5,13.51,13.413346,368800
manchesterunited,2022-02-15,13.52,13.74,13.44,13.6,13.502703,544500
manchesterunited,2022-02-16,13.59,13.83,13.49,13.61,13.51263,337100
manchesterunited,2022-02-17,13.52,13.73,13.24,13.32,13.224706,300400
manchesterunited,2022-02-18,13.42,13.42,13.18,13.34,13.244563,305000
manchesterunited,2022-02-22,13.25,13.45,13.15,13.25,13.155207,362300
manchesterunited,2022-02-23,13.34,13.58,13.13,13.16,13.06585,449300
manchesterunited,2022-02-24,12.99,13.17,12.82,13.1,13.00628,345800
manchesterunited,2022-02-25,13.07,13.38,13.01,13.28,13.184992,319300
manchesterunited,2022-02-28,13.21,13.46,12.95,13.45,13.353775,428100
manchesterunited,2022-03-01,13.28,13.43,12.76,12.82,12.728283,1062500
manchesterunited,2022-03-02,12.88,13.03,12.73,12.9,12.80771,523500
manchesterunited,2022-03-03,12.9,13.0,12.71,12.81,12.718355,755900
manchesterunited,2022-03-04,12.66,12.88,12.16,12.34,12.251717,949700
manchesterunited,2022-03-07,12.27,12.59,12.04,12.22,12.132576,832900
manchesterunited,2022-03-08,12.2,12.55,12.16,12.32,12.231859,347300
manchesterunited,2022-03-09,12.45,12.63,12.36,12.45,12.360929,357600
manchesterunited,2022-03-10,12.4,12.77,12.31,12.68,12.589285,353100
manchesterunited,2022-03-11,12.69,12.77,12.55,12.6,12.509857,277800
manchesterunited,2022-03-14,12.64,12.8,12.51,12.54,12.450286,293000
manchesterunited,2022-03-15,12.67,12.76,12.4,12.51,12.420501,188100
manchesterunited,2022-03-16,12.45,12.76,12.43,12.59,12.499928,492200
manchesterunited,2022-03-17,12.54,12.82,12.42,12.8,12.708426,263100
manchesterunited,2022-03-18,12.88,13.18,12.8,13.14,13.045994,610700
manchesterunited,2022-03-21,13.6,14.02,13.52,13.71,13.611916,949400
manchesterunited,2022-03-22,13.74,14.01,13.71,13.81,13.711201,479600
manchesterunited,2022-03-23,13.65,13.98,13.62,13.83,13.731057,417200
manchesterunited,2022-03-24,13.87,14.01,13.68,13.83,13.731057,246100
manchesterunited,2022-03-25,13.79,14.32,13.67,14.23,14.128195,2454000
manchesterunited,2022-03-28,14.22,14.77,14.22,14.65,14.54519,565300
manchesterunited,2022-03-29,14.7,14.78,14.45,14.63,14.525333,347000
manchesterunited,2022-03-30,14.55,14.74,14.46,14.51,14.406193,308200
manchesterunited,2022-03-31,14.5,14.59,14.39,14.47,14.366479,181900
manchesterunited,2022-04-01,14.57,14.79,14.51,14.7,14.594832,256900
manchesterunited,2022-04-04,14.7,14.79,14.52,14.59,14.48562,895400
manchesterunited,2022-04-05,14.59,14.76,14.27,14.41,14.306908,358500
manchesterunited,2022-04-06,14.16,14.58,14.13,14.49,14.386335,900900
manchesterunited,2022-04-07,14.48,14.78,14.43,14.69,14.584904,400300
manchesterunited,2022-04-08,14.67,14.78,14.51,14.72,14.61469,444500
manchesterunited,2022-04-11,14.7,14.7,14.13,14.16,14.058696,229600
manchesterunited,2022-04-12,14.16,14.26,13.95,13.95,13.850199,249500
manchesterunited,2022-04-13,14.02,14.06,13.9,14.04,13.939554,457500
manchesterunited,2022-04-14,14.11,14.11,13.87,13.9,13.800556,183500
manchesterunited,2022-04-18,13.84,14.01,13.8,13.99,13.889913,244500
manchesterunited,2022-04-19,14.04,14.04,13.88,13.94,13.84027,229300
manchesterunited,2022-04-20,13.97,14.09,13.88,14.07,13.969339,279200
manchesterunited,2022-04-21,14.12,14.14,13.77,13.8,13.701272,695100
manchesterunited,2022-04-22,13.73,13.8,13.4,13.42,13.323991,252200
manchesterunited,2022-04-25,13.35,13.78,13.31,13.76,13.661558,395900
manchesterunited,2022-04-26,13.72,13.72,13.34,13.34,13.244563,211200
manchesterunited,2022-04-27,13.27,13.44,13.2,13.36,13.26442,279800
manchesterunited,2022-04-28,13.42,13.5,13.16,13.44,13.343846,191100
manchesterunited,2022-04-29,13.44,13.85,13.43,13.54,13.443131,411600
manchesterunited,2022-05-02,13.78,14.21,13.6,13.97,13.870056,892500
manchesterunited,2022-05-03,14.04,14.27,13.9,14.18,14.078553,431300
manchesterunited,2022-05-04,14.17,14.23,13.81,14.21,14.108338,369700
manchesterunited,2022-05-05,14.13,14.18,13.92,14.13,14.028911,371000
manchesterunited,2022-05-06,14.15,14.15,13.71,13.82,13.721128,352500
manchesterunited,2022-05-09,13.6,13.7,13.08,13.18,13.085708,572100
manchesterunited,2022-05-10,13.2,13.44,13.06,13.38,13.284277,507400
manchesterunited,2022-05-11,13.4,13.59,13.04,13.12,13.026136,271800
manchesterunited,2022-05-12,13.04,13.32,12.96,13.12,13.026136,259100
manchesterunited,2022-05-13,13.18,13.39,13.09,13.25,13.155207,289500
manchesterunited,2022-05-16,13.13,13.24,12.84,13.03,12.93678,293400
manchesterunited,2022-05-17,13.16,13.32,13.16,13.28,13.184992,222000
manchesterunited,2022-05-18,13.18,13.31,12.91,13.0,12.906995,283600
manchesterunited,2022-05-19,12.93,13.12,12.89,13.06,12.966566,165500
manchesterunited,2022-05-20,13.17,13.19,12.84,13.06,12.966566,263700
manchesterunited,2022-05-23,13.13,13.13,12.8,12.96,12.867281,608400
manchesterunited,2022-05-24,13.0,13.0,12.35,12.56,12.470143,486800
manchesterunited,2022-05-25,12.54,13.02,12.53,13.01,12.916924,322300
manchesterunited,2022-05-26,12.25,12.62,10.51,12.52,12.430429,3463700
manchesterunited,2022-05-27,12.6,12.64,12.09,12.61,12.519785,1161800
manchesterunited,2022-05-31,12.71,12.92,12.19,12.76,12.668713,897100
manchesterunited,2022-06-01,12.82,12.92,12.52,12.56,12.470143,5186600
manchesterunited,2022-06-02,12.59,12.83,12.44,12.58,12.49,546100
manchesterunited,2022-06-03,12.37,12.53,12.12,12.23,12.23,470100
manchesterunited,2022-06-06,12.26,12.41,12.16,12.34,12.34,513300
manchesterunited,2022-06-07,12.3,12.4,12.2,12.36,12.36,369500
manchesterunited,2022-06-08,12.37,12.5,12.28,12.44,12.44,503400
manchesterunited,2022-06-09,12.47,12.47,12.07,12.07,12.07,454200
manchesterunited,2022-06-10,12.0,12.08,11.52,11.57,11.57,457800
manchesterunited,2022-06-13,11.4,11.46,10.99,11.07,11.07,605100
manchesterunited,2022-06-14,11.17,11.25,10.69,10.82,10.82,833700
manchesterunited,2022-06-15,10.94,11.1,10.83,10.97,10.97,840000
manchesterunited,2022-06-16,10.8,10.93,10.6,10.74,10.74,790900
manchesterunited,2022-06-17,10.72,11.47,10.67,11.45,11.45,890200
manchesterunited,2022-06-21,11.51,11.77,11.51,11.61,11.61,382500
manchesterunited,2022-06-22,11.49,11.64,11.49,11.5,11.5,298800
manchesterunited,2022-06-23,11.51,11.65,11.36,11.44,11.44,642200
manchesterunited,2022-06-24,11.55,11.73,11.49,11.57,11.57,416000
manchesterunited,2022-06-27,11.6,11.69,11.31,11.38,11.38,291700
manchesterunited,2022-06-28,11.45,11.58,11.33,11.36,11.36,303400
manchesterunited,2022-06-29,11.37,11.37,11.12,11.27,11.27,184700
manchesterunited,2022-06-30,11.21,11.24,11.04,11.12,11.12,162900
manchesterunited,2022-07-01,11.12,11.19,10.9,11.0,11.0,299400
manchesterunited,2022-07-05,10.89,11.08,10.64,11.06,11.06,522200
manchesterunited,2022-07-06,11.02,11.14,10.8,10.8,10.8,165700
manchesterunited,2022-07-07,10.85,10.94,10.77,10.85,10.85,261000
manchesterunited,2022-07-08,10.84,10.87,10.69,10.73,10.73,367300
manchesterunited,2022-07-11,10.7,10.74,10.41,10.51,10.51,326400
manchesterunited,2022-07-12,10.48,10.76,10.48,10.68,10.68,287500
manchesterunited,2022-07-13,10.64,10.66,10.44,10.63,10.63,166400
manchesterunited,2022-07-14,10.61,10.79,10.48,10.78,10.78,338700
manchesterunited,2022-07-15,10.84,11.04,10.8,11.02,11.02,218100
manchesterunited,2022-07-18,11.14,11.31,11.01,11.02,11.02,190400
manchesterunited,2022-07-19,11.13,11.23,11.08,11.16,11.16,233600
manchesterunited,2022-07-20,11.13,11.25,11.11,11.15,11.15,172900
manchesterunited,2022-07-21,11.21,11.29,11.02,11.29,11.29,336600
manchesterunited,2022-07-22,11.3,11.33,11.11,11.14,11.14,167100
manchesterunited,2022-07-25,11.17,11.28,11.17,11.26,11.26,215300
manchesterunited,2022-07-26,11.22,11.24,10.93,11.02,11.02,289500
manchesterunited,2022-07-27,11.08,11.31,11.07,11.27,11.27,251900
manchesterunited,2022-07-28,11.22,11.37,11.12,11.15,11.15,309700
manchesterunited,2022-07-29,11.1,11.16,10.9,11.14,11.14,279400
manchesterunited,2022-08-01,11.12,11.21,10.97,11.18,11.18,288400
manchesterunited,2022-08-02,11.16,11.36,11.11,11.18,11.18,261100
manchesterunited,2022-08-03,11.22,11.46,11.22,11.42,11.42,347600
manchesterunited,2022-08-04,11.43,11.71,11.43,11.65,11.65,503100
manchesterunited,2022-08-05,11.61,11.61,11.35,11.51,11.51,877700
manchesterunited,2022-08-08,11.52,11.58,11.2,11.55,11.55,978100
manchesterunited,2022-08-09,11.56,11.59,11.3,11.39,11.39,304300
manchesterunited,2022-08-10,11.68,12.88,11.6,12.75,12.75,1888000
manchesterunited,2022-08-11,12.8,12.92,12.25,12.28,12.28,418800
manchesterunited,2022-08-12,12.3,12.88,12.3,12.82,12.82,1016400
manchesterunited,2022-08-15,12.76,12.92,12.56,12.77,12.77,308400
manchesterunited,2022-08-16,12.67,12.92,12.61,12.78,12.78,275200
manchesterunited,2022-08-17,13.65,13.75,12.85,13.67,13.67,7174400
manchesterunited,2022-08-18,13.64,14.09,13.5,13.9,13.9,2279600
manchesterunited,2022-08-19,13.64,14.14,13.58,13.68,13.68,936200
manchesterunited,2022-08-22,13.5,13.51,13.2,13.26,13.26,765300
manchesterunited,2022-08-23,13.29,13.68,13.18,13.41,13.41,565100
manchesterunited,2022-08-24,13.48,13.48,13.15,13.42,13.42,408000
manchesterunited,2022-08-25,13.48,13.75,13.39,13.57,13.57,351700
manchesterunited,2022-08-26,13.57,13.73,13.13,13.14,13.14,313800
manchesterunited,2022-08-29,13.1,13.24,12.98,13.07,13.07,517900
manchesterunited,2022-08-30,13.11,13.31,13.11,13.25,13.25,333000
manchesterunited,2022-08-31,13.25,13.57,13.14,13.44,13.44,1058700
manchesterunited,2022-09-01,13.35,13.44,13.27,13.4,13.4,604300
manchesterunited,2022-09-02,13.5,13.72,13.3,13.47,13.47,458800
manchesterunited,2022-09-06,13.71,14.8,13.7,14.45,14.45,1871900
manchesterunited,2022-09-07,14.45,14.56,14.17,14.56,14.56,702300
manchesterunited,2022-09-08,14.51,14.79,14.31,14.39,14.39,556200
manchesterunited,2022-09-09,14.5,14.65,14.33,14.43,14.43,741500
manchesterunited,2022-09-12,14.47,15.24,14.37,15.16,15.16,1580000
manchesterunited,2022-09-13,14.85,14.97,14.48,14.51,14.51,759000
manchesterunited,2022-09-14,14.54,14.77,14.38,14.68,14.68,417600
manchesterunited,2022-09-15,14.7,14.92,14.38,14.48,14.48,356900
manchesterunited,2022-09-16,14.34,14.42,13.87,14.15,14.15,677900
manchesterunited,2022-09-19,14.06,14.17,13.98,14.12,14.12,390800
manchesterunited,2022-09-20,14.1,14.1,13.65,13.91,13.91,515800
manchesterunited,2022-09-21,13.94,14.08,13.48,13.48,13.48,689400
manchesterunited,2022-09-22,13.36,13.85,13.03,13.63,13.63,784800
manchesterunited,2022-09-23,13.41,13.44,12.91,13.07,13.07,1225100
manchesterunited,2022-09-26,12.87,13.33,12.79,12.92,12.92,837400
manchesterunited,2022-09-27,12.99,12.99,12.72,12.8,12.8,645500
manchesterunited,2022-09-28,12.77,12.78,12.59,12.7,12.7,681700
manchesterunited,2022-09-29,12.57,12.87,12.44,12.86,12.86,628600
manchesterunited,2022-09-30,12.9,13.36,12.76,13.27,13.27,719600
manchesterunited,2022-10-03,13.31,13.43,12.93,13.4,13.4,583900
manchesterunited,2022-10-04,13.59,13.84,13.58,13.71,13.71,575200
manchesterunited,2022-10-05,13.54,13.74,13.39,13.7,13.7,453500
manchesterunited,2022-10-06,13.77,14.01,13.59,13.59,13.59,411400
manchesterunited,2022-10-07,13.53,13.65,13.4,13.64,13.64,372300
manchesterunited,2022-10-10,13.62,13.63,13.32,13.35,13.35,577400
manchesterunited,2022-10-11,13.4,13.46,13.06,13.27,13.27,358400
manchesterunited,2022-10-12,13.17,13.17,12.73,12.92,12.92,546900
manchesterunited,2022-10-13,12.69,13.17,12.64,12.92,12.92,419300
manchesterunited,2022-10-14,12.98,13.07,12.9,12.95,12.95,223300
manchesterunited,2022-10-17,13.03,13.24,12.97,13.05,13.05,281800
manchesterunited,2022-10-18,13.17,13.31,12.86,12.89,12.89,304300
manchesterunited,2022-10-19,12.89,12.99,12.62,12.67,12.67,234300
manchesterunited,2022-10-20,12.62,12.85,12.59,12.61,12.61,226700
manchesterunited,2022-10-21,12.53,12.66,12.4,12.6,12.6,258200
manchesterunited,2022-10-24,12.63,12.63,12.16,12.35,12.35,247800
manchesterunited,2022-10-25,12.39,12.76,12.39,12.63,12.63,402200
manchesterunited,2022-10-26,12.65,13.29,12.57,13.19,13.19,380900
manchesterunited,2022-10-27,13.24,13.47,13.21,13.32,13.32,395600
manchesterunited,2022-10-28,13.3,13.34,13.05,13.06,13.06,313900
manchesterunited,2022-10-31,13.06,13.1,12.96,13.06,13.06,238500
manchesterunited,2022-11-01,13.26,13.48,13.07,13.11,13.11,192200
manchesterunited,2022-11-02,13.1,13.1,12.77,12.87,12.87,269700
manchesterunited,2022-11-03,12.73,12.84,12.55,12.56,12.56,181300
manchesterunited,2022-11-04,12.74,12.96,12.65,12.93,12.93,252700
manchesterunited,2022-11-07,13.08,13.62,12.98,13.38,13.38,659000
manchesterunited,2022-11-08,13.45,13.46,13.14,13.15,13.15,239100
manchesterunited,2022-11-09,13.08,13.15,12.79,13.0,13.0,226600
manchesterunited,2022-11-10,13.43,13.43,12.98,13.14,13.14,288300
manchesterunited,2022-11-11,13.27,13.51,13.15,13.29,13.29,390700
manchesterunited,2022-11-14,13.94,13.94,13.17,13.2,13.2,449800
manchesterunited,2022-11-15,13.36,13.41,12.93,12.97,12.97,477100
manchesterunited,2022-11-16,12.88,12.9,12.66,12.8,12.8,388800
manchesterunited,2022-11-17,12.65,13.08,12.56,12.84,12.84,253600
manchesterunited,2022-11-18,12.78,13.17,12.55,13.13,13.13,403200
manchesterunited,2022-11-21,13.18,13.4,12.98,13.03,13.03,251900
manchesterunited,2022-11-22,13.03,15.5,12.83,14.94,14.94,5737700
manchesterunited,2022-11-23,16.440001,18.91,16.290001,18.799999,18.799999,16705400
manchesterunited,2022-11-25,20.0,22.950001,20.0,21.209999,21.209999,35226200
manchesterunited,2022-11-28,21.139999,22.02,20.4,21.25,21.25,9979100
manchesterunited,2022-11-29,21.09,22.75,21.049999,22.18,22.18,6765300
manchesterunited,2022-11-30,22.16,22.450001,21.24,22.1,22.1,2745800
manchesterunited,2022-12-01,21.799999,23.35,21.639999,22.559999,22.559999,2823800
manchesterunited,2022-12-02,22.299999,22.92,21.709999,22.73,22.73,2315000
manchesterunited,2022-12-05,22.4,23.16,22.09,22.360001,22.360001,1494500
manchesterunited,2022-12-06,22.209999,22.48,21.75,22.209999,22.209999,1042300
manchesterunited,2022-12-07,22.299999,22.48,21.91,22.129999,22.129999,751900
manchesterunited,2022-12-08,22.33,22.59,21.639999,21.85,21.85,1210500
manchesterunited,2022-12-09,22.09,22.719999,20.209999,20.35,20.35,2495700
manchesterunited,2022-12-12,20.370001,21.469999,20.280001,20.559999,20.559999,2708800
manchesterunited,2022-12-13,20.68,21.15,20.290001,20.68,20.68,1244800
manchesterunited,2022-12-14,20.74,21.610001,20.74,21.59,21.59,1102100
manchesterunited,2022-12-15,21.049999,21.77,20.719999,21.620001,21.620001,1260200
manchesterunited,2022-12-16,21.52,21.91,21.4,21.85,21.85,1428000
manchesterunited,2022-12-19,21.49,21.85,20.98,21.27,21.27,1025200
manchesterunited,2022-12-20,21.26,22.34,21.139999,21.9,21.9,727000
manchesterunited,2022-12-21,21.91,22.889999,21.91,22.76,22.76,667200
manchesterunited,2022-12-22,22.65,22.799999,22.059999,22.440001,22.440001,681000
manchesterunited,2022-12-23,22.379999,22.629999,22.32,22.48,22.48,409100
manchesterunited,2022-12-27,22.440001,23.26,22.209999,23.120001,23.120001,1093600
manchesterunited,2022-12-28,22.99,23.15,22.41,22.450001,22.450001,794800
manchesterunited,2022-12-29,22.65,23.6,22.34,23.09,23.09,861300
manchesterunited,2022-12-30,22.950001,23.549999,22.83,23.33,23.33,728300
manchesterunited,2023-01-03,23.43,23.549999,22.74,22.76,22.76,790800
manchesterunited,2023-01-04,22.99,23.58,22.9,23.299999,23.299999,853600
manchesterunited,2023-01-05,23.129999,23.299999,22.77,22.870001,22.870001,715100
manchesterunited,2023-01-06,22.780001,23.459999,22.73,23.32,23.32,492300
manchesterunited,2023-01-09,23.469999,25.24,22.75,23.110001,23.110001,3346500
manchesterunited,2023-01-10,22.959999,23.15,22.200001,22.83,22.83,1122500
manchesterunited,2023-01-11,22.93,23.139999,22.610001,22.889999,22.889999,513500
manchesterunited,2023-01-12,22.959999,23.110001,22.629999,22.77,22.77,428000
manchesterunited,2023-01-13,22.799999,23.690001,22.799999,22.969999,22.969999,553500
realmadrid,2022-01-18,10.34,10.85,10.095,10.33,10.33,2527600
realmadrid,2022-01-19,10.36,10.7,9.99,10.02,10.02,2430500
realmadrid,2022-01-20,10.19,10.67,9.55,9.58,9.58,2760300
realmadrid,2022-01-21,9.36,9.88,8.95,9.25,9.25,3814800
realmadrid,2022-01-24,8.87,9.71,8.34,9.69,9.69,4139100
realmadrid,2022-01-25,9.26,9.58,8.925,9.1,9.1,4192600
realmadrid,2022-01-26,9.23,9.535,8.2,8.33,8.33,5175900
realmadrid,2022-01-27,8.57,8.82,8.11,8.13,8.13,4244300
realmadrid,2022-01-28,8.14,8.36,7.61,8.27,8.27,2906100
realmadrid,2022-01-31,8.27,9.47,8.27,9.45,9.45,3769000
realmadrid,2022-02-01,9.66,9.895,9.17,9.8,9.8,2639300
realmadrid,2022-02-02,9.79,9.87,8.5,8.54,8.54,4064600
realmadrid,2022-02-03,8.4,8.72,8.16,8.22,8.22,4087300
realmadrid,2022-02-04,8.27,8.67,8.01,8.57,8.57,3308000
realmadrid,2022-02-07,8.54,9.16,8.48,8.88,8.88,2513700
realmadrid,2022-02-08,8.78,9.52,8.755,9.5,9.5,2235500
realmadrid,2022-02-09,9.645,9.93,9.49,9.93,9.93,2070500
realmadrid,2022-02-10,9.65,10.125,9.37,9.61,9.61,2152200
realmadrid,2022-02-11,9.6,9.99,9.11,9.31,9.31,2698500
realmadrid,2022-02-14,9.32,9.73,9.08,9.19,9.19,1931200
realmadrid,2022-02-15,9.39,9.94,9.33,9.89,9.89,2514200
realmadrid,2022-02-16,9.68,9.7,8.955,9.2,9.2,2311600
realmadrid,2022-02-17,9.15,9.36,8.665,8.72,8.72,2159700
realmadrid,2022-02-18,8.65,8.79,8.07,8.11,8.11,2485700
realmadrid,2022-02-22,7.56,8.21,7.56,7.98,7.98,4817300
realmadrid,2022-02-23,8.04,8.1,7.1,7.11,7.11,6087400
realmadrid,2022-02-24,5.88,7.94,5.81,7.91,7.91,7548600
realmadrid,2022-02-25,7.86,8.46,7.555,8.43,8.43,5219000
realmadrid,2022-02-28,8.42,8.935,8.29,8.91,8.91,4133200
realmadrid,2022-03-01,8.93,8.93,8.38,8.59,8.59,3998400
realmadrid,2022-03-02,8.59,8.59,8.105,8.36,8.36,3148600
realmadrid,2022-03-03,8.42,8.57,7.77,7.99,7.99,2839100
realmadrid,2022-03-04,7.93,8.04,7.25,7.39,7.39,3348600
realmadrid,2022-03-07,7.49,7.63,6.5,6.51,6.51,3825700
realmadrid,2022-03-08,6.51,6.812,6.18,6.52,6.52,3678300
realmadrid,2022-03-09,6.84,7.2,6.63,7.08,7.08,3039900
realmadrid,2022-03-10,6.86,6.99,6.57,6.77,6.77,2274700
realmadrid,2022-03-11,6.86,6.94,6.31,6.32,6.32,2427100
realmadrid,2022-03-14,6.27,6.29,5.78,5.83,5.83,2769800
realmadrid,2022-03-15,5.93,6.64,5.8,6.54,6.54,5098300
realmadrid,2022-03-16,6.82,7.31,6.75,7.27,7.27,4853100
realmadrid,2022-03-17,7.23,7.735,7.07,7.66,7.66,3489600
realmadrid,2022-03-18,7.65,8.57,7.64,8.26,8.26,6966900
realmadrid,2022-03-21,8.09,8.37,7.73,8.1,8.1,3101200
realmadrid,2022-03-22,8.03,8.385,7.81,8.28,8.28,3139600
realmadrid,2022-03-23,8.02,8.32,7.82,7.98,7.98,2743900
realmadrid,2022-03-24,8.05,8.61,7.59,8.25,8.25,7520400
realmadrid,2022-03-25,8.27,8.32,7.69,7.85,7.85,4175000
realmadrid,2022-03-28,7.91,7.98,7.54,7.85,7.85,2908500
realmadrid,2022-03-29,7.69,8.24,7.673,8.16,8.16,5140200
realmadrid,2022-03-30,8.07,8.44,7.75,7.85,7.85,2934200
realmadrid,2022-03-31,7.87,7.87,7.24,7.26,7.26,3194500
realmadrid,2022-04-01,7.31,7.41,7.08,7.22,7.22,3554000
realmadrid,2022-04-04,7.35,8.44,7.29,8.07,8.07,3832200
realmadrid,2022-04-05,8.14,8.38,7.76,7.83,7.83,1898000
realmadrid,2022-04-06,7.62,7.62,7.055,7.25,7.25,3099500
realmadrid,2022-04-07,7.17,7.28,6.63,6.99,6.99,2859100
realmadrid,2022-04-08,6.92,7.14,6.755,6.92,6.92,3901400
realmadrid,2022-04-11,6.79,7.18,6.56,6.88,6.88,2235800
realmadrid,2022-04-12,7.17,7.555,6.89,6.96,6.96,2547600
realmadrid,2022-04-13,6.92,7.12,6.79,6.97,6.97,1495300
realmadrid,2022-04-14,6.99,7.04,6.4,6.41,6.41,3290600
realmadrid,2022-04-18,6.38,6.555,6.05,6.48,6.48,2630500
realmadrid,2022-04-19,6.47,7.21,6.32,7.16,7.16,3226600
realmadrid,2022-04-20,7.12,7.12,6.58,6.6,6.6,2089100
realmadrid,2022-04-21,6.8,6.995,6.12,6.28,6.28,3817000
realmadrid,2022-04-22,6.21,6.43,6.035,6.15,6.15,2926500
realmadrid,2022-04-25,6.01,6.38,5.96,6.37,6.37,2851400
realmadrid,2022-04-26,6.32,6.35,5.68,5.7,5.7,3114900
realmadrid,2022-04-27,5.67,5.97,5.58,5.75,5.75,2088200
realmadrid,2022-04-28,5.81,6.0,5.433,5.94,5.94,2589400
realmadrid,2022-04-29,5.86,6.12,5.34,5.42,5.42,3310100
realmadrid,2022-05-02,5.42,5.87,5.335,5.87,5.87,3097800
realmadrid,2022-05-03,5.79,5.995,5.545,5.75,5.75,2650100
realmadrid,2022-05-04,5.68,5.955,5.235,5.93,5.93,3323400
realmadrid,2022-05-05,5.72,5.73,5.1,5.23,5.23,4644400
realmadrid,2022-05-06,5.2,5.51,4.97,5.11,5.11,4079200
realmadrid,2022-05-09,4.98,5.16,4.59,4.61,4.61,4680200
realmadrid,2022-05-10,4.74,4.925,4.25,4.41,4.41,5558500
realmadrid,2022-05-11,4.65,4.65,3.39,3.44,3.44,8805300
realmadrid,2022-05-12,3.37,4.02,2.77,3.22,3.22,14403900
realmadrid,2022-05-13,3.34,3.91,3.32,3.75,3.75,6334700
realmadrid,2022-05-16,3.68,3.96,3.66,3.74,3.74,5422700
realmadrid,2022-05-17,3.83,4.07,3.515,3.71,3.71,5320200
realmadrid,2022-05-18,3.55,3.66,3.225,3.28,3.28,5167100
realmadrid,2022-05-19,3.32,3.605,3.14,3.34,3.34,4850700
realmadrid,2022-05-20,3.42,3.42,3.01,3.26,3.26,4521000
realmadrid,2022-05-23,3.06,3.235,3.01,3.19,3.19,4500100
realmadrid,2022-05-24,3.1,3.1,2.65,2.66,2.66,5696600
realmadrid,2022-05-25,2.68,2.91,2.65,2.78,2.78,5075700
realmadrid,2022-05-26,2.84,3.06,2.81,2.88,2.88,6412800
realmadrid,2022-05-27,2.97,3.28,2.94,3.27,3.27,6468800
realmadrid,2022-05-31,3.29,3.37,3.11,3.28,3.28,5390400
realmadrid,2022-06-01,3.31,3.445,2.94,2.96,2.96,4736500
realmadrid,2022-06-02,2.91,3.47,2.91,3.36,3.36,4942500
realmadrid,2022-06-03,3.25,3.26,2.92,2.94,2.94,5826400
realmadrid,2022-06-06,3.01,3.14,2.88,2.9,2.9,3795000
realmadrid,2022-06-07,2.82,3.23,2.76,3.06,3.06,7268600
realmadrid,2022-06-08,3.08,3.2,2.983,3.1,3.1,5307800
realmadrid,2022-06-09,3.1,3.18,2.975,3.07,3.07,6456300
realmadrid,2022-06-10,2.98,3.01,2.66,2.71,2.71,6638100
realmadrid,2022-06-13,2.61,2.63,2.385,2.41,2.41,5502300
realmadrid,2022-06-14,2.51,2.53,2.323,2.42,2.42,3712800
realmadrid,2022-06-15,2.47,2.66,2.46,2.53,2.53,6689500
realmadrid,2022-06-16,2.37,2.48,2.23,2.25,2.25,5077300
realmadrid,2022-06-17,2.35,2.59,2.265,2.59,2.59,10254500
realmadrid,2022-06-21,2.69,2.855,2.6,2.7,2.7,5030400
realmadrid,2022-06-22,2.61,2.86,2.58,2.78,2.78,3770900
realmadrid,2022-06-23,2.86,3.14,2.75,3.14,3.14,4444200
realmadrid,2022-06-24,3.17,3.65,3.16,3.63,3.63,8926200
realmadrid,2022-06-27,3.71,3.75,3.22,3.31,3.31,4119100
realmadrid,2022-06-28,3.31,3.39,2.91,2.97,2.97,3546900
realmadrid,2022-06-29,2.93,2.93,2.59,2.61,2.61,3962500
realmadrid,2022-06-30,2.57,2.68,2.43,2.49,2.49,5520400
realmadrid,2022-07-01,2.53,2.575,2.4,2.47,2.47,4805800
realmadrid,2022-07-05,2.4,2.805,2.25,2.77,2.77,7156100
realmadrid,2022-07-06,2.77,2.92,2.65,2.7,2.7,3282100
realmadrid,2022-07-07,2.79,3.06,2.65,3.06,3.06,3056600
realmadrid,2022-07-08,3.01,3.12,2.875,2.93,2.93,2908100
realmadrid,2022-07-11,2.87,2.903,2.481,2.52,2.52,4721100
realmadrid,2022-07-12,2.53,2.66,2.455,2.48,2.48,3329700
realmadrid,2022-07-13,2.4,2.55,2.31,2.43,2.43,2922300
realmadrid,2022-07-14,2.41,2.44,2.25,2.26,2.26,4144300
realmadrid,2022-07-15,2.31,2.475,2.24,2.44,2.44,4382000
realmadrid,2022-07-18,2.51,2.785,2.51,2.63,2.63,4120900
realmadrid,2022-07-19,2.68,2.96,2.68,2.96,2.96,3937200
realmadrid,2022-07-20,2.95,3.18,2.89,3.09,3.09,5621100
realmadrid,2022-07-21,3.1,3.12,2.75,2.88,2.88,4203600
realmadrid,2022-07-22,2.84,2.87,2.43,2.46,2.46,5227500
realmadrid,2022-07-25,2.45,2.5,2.33,2.35,2.35,3240500
realmadrid,2022-07-26,2.33,2.35,2.115,2.16,2.16,4753000
realmadrid,2022-07-27,2.2,2.41,2.16,2.41,2.41,4456700
realmadrid,2022-07-28,2.4,2.48,2.25,2.36,2.36,3926100
realmadrid,2022-07-29,2.38,2.43,2.275,2.33,2.33,3463500
realmadrid,2022-08-01,2.29,2.55,2.21,2.32,2.32,4600400
realmadrid,2022-08-02,2.27,2.44,2.27,2.39,2.39,3349200
realmadrid,2022-08-03,2.39,2.68,2.39,2.6,2.6,4120100
realmadrid,2022-08-04,2.6,2.77,2.6,2.74,2.74,3479400
realmadrid,2022-08-05,2.69,2.97,2.651,2.96,2.96,4605300
realmadrid,2022-08-08,2.96,3.62,2.96,3.61,3.61,9821600
realmadrid,2022-08-09,3.5,3.5,2.99,3.05,3.05,8301400
realmadrid,2022-08-10,2.9,3.13,2.73,3.1,3.1,7533000
realmadrid,2022-08-11,3.21,3.71,3.15,3.16,3.16,5722500
realmadrid,2022-08-12,3.11,3.14,2.77,2.91,2.91,5641500
realmadrid,2022-08-15,2.93,3.05,2.74,2.75,2.75,4124200
realmadrid,2022-08-16,2.75,3.41,2.69,3.37,3.37,9665800
realmadrid,2022-08-17,3.3,3.3,3.01,3.16,3.16,4239400
realmadrid,2022-08-18,3.16,3.18,3.0,3.05,3.05,4446300
realmadrid,2022-08-19,2.95,3.005,2.6,2.605,2.605,4796700
realmadrid,2022-08-22,2.47,2.56,2.3,2.32,2.32,6048900
realmadrid,2022-08-23,2.35,2.44,2.27,2.32,2.32,4061300
realmadrid,2022-08-24,2.3,2.47,2.21,2.32,2.32,4418700
realmadrid,2022-08-25,2.36,2.48,2.33,2.38,2.38,3769300
realmadrid,2022-08-26,2.4,2.41,2.23,2.27,2.27,4183500
realmadrid,2022-08-29,2.26,2.37,2.22,2.23,2.23,2832500
realmadrid,2022-08-30,2.26,2.34,2.195,2.25,2.25,3054800
realmadrid,2022-08-31,2.28,2.3,2.13,2.14,2.14,3549000
realmadrid,2022-09-01,2.16,2.17,1.969,2.1,2.1,4233100
realmadrid,2022-09-02,2.14,2.21,2.04,2.07,2.07,3312000
realmadrid,2022-09-06,2.06,2.07,1.9,1.93,1.93,5076200
realmadrid,2022-09-07,1.93,2.04,1.925,2.0,2.0,4284600
realmadrid,2022-09-08,1.99,2.14,1.93,2.14,2.14,2750000
realmadrid,2022-09-09,2.18,2.5,2.154,2.43,2.43,6999500
realmadrid,2022-09-12,2.415,2.64,2.41,2.63,2.63,2942000
realmadrid,2022-09-13,2.36,2.45,2.2,2.26,2.26,3989700
realmadrid,2022-09-14,2.27,2.27,2.14,2.22,2.22,2466600
realmadrid,2022-09-15,2.19,2.4,2.189,2.29,2.29,2571600
realmadrid,2022-09-16,2.21,2.235,2.07,2.14,2.14,4594800
realmadrid,2022-09-19,2.08,2.18,2.01,2.06,2.06,3626600
realmadrid,2022-09-20,2.03,2.075,1.88,1.9,1.9,4840100
realmadrid,2022-09-21,1.93,1.97,1.79,1.81,1.81,5177600
realmadrid,2022-09-22,1.78,1.8,1.62,1.63,1.63,5447200
realmadrid,2022-09-23,1.59,1.64,1.5,1.585,1.585,4902700
realmadrid,2022-09-26,1.57,1.75,1.52,1.52,1.52,3607100
realmadrid,2022-09-27,1.57,1.74,1.49,1.54,1.54,4797000
realmadrid,2022-09-28,1.51,1.69,1.5,1.67,1.67,4076900
realmadrid,2022-09-29,1.6,1.62,1.48,1.51,1.51,3364700
realmadrid,2022-09-30,1.53,1.565,1.47,1.5,1.5,2389400
realmadrid,2022-10-03,1.54,1.54,1.35,1.44,1.44,3942600
realmadrid,2022-10-04,1.55,1.8,1.54,1.68,1.68,7238700
realmadrid,2022-10-05,1.65,1.78,1.61,1.72,1.72,4384100
realmadrid,2022-10-06,1.68,1.775,1.64,1.65,1.65,2960400
realmadrid,2022-10-07,1.61,1.63,1.47,1.49,1.49,3330100
realmadrid,2022-10-10,1.49,1.49,1.34,1.35,1.35,3404300
realmadrid,2022-10-11,1.37,1.38,1.23,1.28,1.28,4537900
realmadrid,2022-10-12,1.27,1.31,1.2,1.3,1.3,4438500
realmadrid,2022-10-13,1.2,1.43,1.17,1.3,1.3,6503500
realmadrid,2022-10-14,1.36,1.43,1.21,1.23,1.23,4027100
realmadrid,2022-10-17,1.31,1.33,1.25,1.27,1.27,3154200
realmadrid,2022-10-18,1.322,1.37,1.22,1.29,1.29,4795900
realmadrid,2022-10-19,1.24,1.25,1.16,1.21,1.21,4765500
realmadrid,2022-10-20,1.19,1.35,1.183,1.28,1.28,4330500
realmadrid,2022-10-21,1.28,1.5,1.23,1.43,1.43,5377700
realmadrid,2022-10-24,1.42,1.45,1.28,1.31,1.31,3061100
realmadrid,2022-10-25,1.3,1.58,1.3,1.57,1.57,5163500
realmadrid,2022-10-26,1.55,1.82,1.54,1.64,1.64,4018400
realmadrid,2022-10-27,1.65,1.69,1.51,1.53,1.53,2404200
realmadrid,2022-10-28,1.56,1.726,1.41,1.58,1.58,3720100
realmadrid,2022-10-31,1.56,1.725,1.49,1.69,1.69,3525300
realmadrid,2022-11-01,1.77,1.85,1.642,1.67,1.67,3503100
realmadrid,2022-11-02,1.67,1.68,1.46,1.46,1.46,3806900
realmadrid,2022-11-03,1.49,1.55,1.41,1.44,1.44,2540100
realmadrid,2022-11-04,1.47,1.5,1.32,1.39,1.39,2179600
realmadrid,2022-11-07,1.36,1.41,1.27,1.39,1.39,2871800
realmadrid,2022-11-08,1.42,1.445,1.22,1.225,1.225,4771900
realmadrid,2022-11-09,1.25,1.39,1.15,1.17,1.17,5404600
realmadrid,2022-11-10,1.25,1.56,1.17,1.45,1.45,8142500
realmadrid,2022-11-11,1.43,1.64,1.37,1.64,1.64,4553700
realmadrid,2022-11-14,1.61,1.88,1.59,1.79,1.79,5213800
realmadrid,2022-11-15,1.84,1.99,1.67,1.96,1.96,6109800
realmadrid,2022-11-16,1.89,1.89,1.68,1.69,1.69,3034200
realmadrid,2022-11-17,1.58,1.7,1.5,1.56,1.56,2969500
realmadrid,2022-11-18,1.62,1.64,1.5,1.56,1.56,1936500
realmadrid,2022-11-21,1.47,1.59,1.4,1.45,1.45,3041600
realmadrid,2022-11-22,1.48,1.49,1.35,1.4,1.4,2685200
realmadrid,2022-11-23,1.38,1.45,1.35,1.4,1.4,1951700
realmadrid,2022-11-25,1.45,1.56,1.42,1.51,1.51,1500000
realmadrid,2022-11-28,1.48,1.56,1.425,1.46,1.46,1595800
realmadrid,2022-11-29,1.49,1.52,1.4,1.5,1.5,1545800
realmadrid,2022-11-30,1.53,1.61,1.43,1.49,1.49,4974200
realmadrid,2022-12-01,1.52,1.67,1.48,1.61,1.61,3278000
realmadrid,2022-12-02,1.53,1.73,1.48,1.71,1.71,3551900
realmadrid,2022-12-05,1.67,1.73,1.63,1.64,1.64,2563500
realmadrid,2022-12-06,1.65,1.67,1.48,1.52,1.52,3036600
realmadrid,2022-12-07,1.49,1.55,1.42,1.45,1.45,2013600
realmadrid,2022-12-08,1.52,1.55,1.43,1.52,1.52,1826400
realmadrid,2022-12-09,1.47,1.55,1.36,1.42,1.42,3476500
realmadrid,2022-12-12,1.43,1.44,1.36,1.41,1.41,1618400
realmadrid,2022-12-13,1.52,1.6,1.38,1.48,1.48,2953000
realmadrid,2022-12-14,1.46,1.58,1.43,1.53,1.53,2495800
realmadrid,2022-12-15,1.46,1.515,1.4,1.42,1.42,3113600
realmadrid,2022-12-16,1.4,1.45,1.37,1.38,1.38,2774100
realmadrid,2022-12-19,1.39,1.405,1.195,1.21,1.21,4367700
realmadrid,2022-12-20,1.22,1.235,1.14,1.16,1.16,2890500
realmadrid,2022-12-21,1.18,1.3,1.13,1.23,1.23,5545900
realmadrid,2022-12-22,1.2,1.2,1.105,1.11,1.11,2972800
realmadrid,2022-12-23,1.15,1.18,1.06,1.1,1.1,3904900
realmadrid,2022-12-27,1.1,1.18,1.04,1.16,1.16,4234100
realmadrid,2022-12-28,1.14,1.22,1.1,1.17,1.17,2925100
realmadrid,2022-12-29,1.17,1.31,1.14,1.26,1.26,3521500
realmadrid,2022-12-30,1.2,1.32,1.2,1.25,1.25,2392600
realmadrid,2023-01-03,1.3,1.37,1.07,1.09,1.09,4796100
realmadrid,2023-01-04,1.14,1.22,1.06,1.19,1.19,5648000
realmadrid,2023-01-05,1.17,1.23,1.12,1.2,1.2,3339100
realmadrid,2023-01-06,1.18,1.25,1.15,1.17,1.17,2855200
realmadrid,2023-01-09,1.2,1.27,1.155,1.17,1.17,3564000
realmadrid,2023-01-10,1.22,1.28,1.17,1.27,1.27,2891300
realmadrid,2023-01-11,1.25,1.37,1.25,1.32,1.32,3165500
realmadrid,2023-01-12,1.34,1.48,1.26,1.47,1.47,5096100
realmadrid,2023-01-13,1.4,1.56,1.38,1.5,1.5,3296000
amazon,2022-01-18,159.104996,159.734497,157.664505,158.917496,158.917496,67292000
amazon,2022-01-19,158.761993,159.25,156.25,156.298996,156.298996,53242000
amazon,2022-01-20,156.766006,158.0,151.350998,151.667496,151.667496,71974000
amazon,2022-01-21,149.949997,150.899994,142.070496,142.643005,142.643005,163972000
amazon,2022-01-24,139.0,144.945007,135.352005,144.544006,144.544006,155624000
amazon,2022-01-25,142.242493,143.600006,138.145004,139.985992,139.985992,90824000
amazon,2022-01-26,144.75,145.184998,137.318497,138.872498,138.872498,95602000
amazon,2022-01-27,140.800003,144.2435,139.350006,139.637497,139.637497,77516000
amazon,2022-01-28,140.860504,143.998001,137.929504,143.977997,143.977997,74392000
amazon,2022-01-31,144.75,150.360504,144.300507,149.573502,149.573502,78308000
amazon,2022-02-01,150.0,151.707993,147.627502,151.193497,151.193497,59220000
amazon,2022-02-02,155.050507,155.074997,148.863495,150.612503,150.612503,87330000
amazon,2022-02-03,141.737503,144.247498,138.332993,138.845505,138.845505,225532000
amazon,2022-02-04,155.606506,161.199997,150.608002,157.639496,157.639496,253456000
amazon,2022-02-07,158.520004,162.690994,157.25,157.935501,157.935501,102624000
amazon,2022-02-08,156.750504,161.792496,155.550507,161.413498,161.413498,76040000
amazon,2022-02-09,162.873505,163.834503,160.25,161.189499,161.189499,68786000
amazon,2022-02-10,158.350006,160.716507,157.75,159.003494,159.003494,68268000
amazon,2022-02-11,158.134506,159.0,152.733994,153.293503,153.293503,77100000
amazon,2022-02-14,151.751007,158.448502,151.649994,155.167007,155.167007,83230000
amazon,2022-02-15,157.605499,158.007004,154.637497,156.510498,156.510498,56440000
amazon,2022-02-16,155.790497,158.834,154.734497,158.100494,158.100494,52704000
amazon,2022-02-17,158.145996,160.348999,154.5,154.652496,154.652496,64032000
amazon,2022-02-18,155.499496,155.499496,150.893005,152.601501,152.601501,63604000
amazon,2022-02-22,150.4785,152.982498,148.485504,150.197495,150.197495,66128000
amazon,2022-02-23,151.650497,151.763,144.651001,144.826996,144.826996,64244000
amazon,2022-02-24,139.837494,151.748993,139.5,151.358002,151.358002,100786000
amazon,2022-02-25,150.550003,153.990005,149.213501,153.788498,153.788498,62396000
amazon,2022-02-28,152.425003,154.449997,150.850006,153.563004,153.563004,57684000
amazon,2022-03-01,152.732498,154.098999,149.977005,151.141998,151.141998,44874000
amazon,2022-03-02,150.848999,152.999496,148.75,152.052505,152.052505,47334000
amazon,2022-03-03,153.531494,153.929001,146.856003,147.898499,147.898499,65198000
amazon,2022-03-04,147.158997,147.850006,143.807007,145.641006,145.641006,60934000
amazon,2022-03-07,145.443497,146.094498,137.416504,137.453003,137.453003,86934000
amazon,2022-03-08,136.683502,140.699493,133.572495,136.014496,136.014496,91662000
amazon,2022-03-09,139.5,140.25,136.828003,139.279007,139.279007,82656000
amazon,2022-03-10,145.684998,148.6745,143.977997,146.817505,146.817505,135062000
amazon,2022-03-11,149.574493,149.675003,145.369003,145.524506,145.524506,68900000
amazon,2022-03-14,145.981003,147.449997,140.884003,141.852997,141.852997,74086000
amazon,2022-03-15,142.850006,147.985001,142.0,147.366501,147.366501,75584000
amazon,2022-03-16,148.5,153.149994,147.3535,153.104004,153.104004,84958000
amazon,2022-03-17,152.640503,157.498505,152.139999,157.238998,157.238998,72934000
amazon,2022-03-18,156.813004,161.593994,156.011002,161.250504,161.250504,102962000
amazon,2022-03-21,161.121002,163.084,159.552994,161.491501,161.491501,66538000
amazon,2022-03-22,161.805496,166.167007,161.699005,164.889008,164.889008,64086000
amazon,2022-03-23,163.705002,166.369995,162.686996,163.408005,163.408005,55812000
amazon,2022-03-24,163.749496,164.1185,160.050003,163.649506,163.649506,56798000
amazon,2022-03-25,164.0,165.3685,162.25,164.773499,164.773499,49032000
amazon,2022-03-28,164.975006,169.037506,164.899994,168.990494,168.990494,59854000
amazon,2022-03-29,170.384003,170.831497,167.8685,169.315002,169.315002,66154000
amazon,2022-03-30,168.509506,168.9505,165.5,166.300995,166.300995,56168000
amazon,2022-03-31,166.445007,166.494995,162.953506,162.997498,162.997498,59966000
amazon,2022-04-01,164.149506,165.826996,162.319504,163.559998,163.559998,57090000
amazon,2022-04-04,164.125,168.394501,163.205505,168.346497,168.346497,49882000
amazon,2022-04-05,167.741501,168.110504,163.266006,164.054993,164.054993,53728000
amazon,2022-04-06,161.650497,162.199997,157.254501,158.755997,158.755997,79056000
amazon,2022-04-07,158.399994,160.078995,154.511505,157.7845,157.7845,68136000
amazon,2022-04-08,156.75,157.3685,154.231003,154.460495,154.460495,46002000
amazon,2022-04-11,152.712997,154.136505,150.5345,151.121994,151.121994,52112000
amazon,2022-04-12,153.692505,155.098999,150.382996,150.787506,150.787506,55178000
amazon,2022-04-13,150.018494,156.024994,149.600006,155.541,155.541,53390000
amazon,2022-04-14,155.389999,155.897003,151.472,151.706497,151.706497,51598000
amazon,2022-04-18,151.523499,154.039505,150.250504,152.785004,152.785004,46514000
amazon,2022-04-19,152.029495,158.649002,151.550507,158.115494,158.115494,54926000
amazon,2022-04-20,157.602493,157.602493,153.6035,153.998001,153.998001,59630000
amazon,2022-04-21,154.714005,156.738007,147.589493,148.296005,148.296005,63970000
amazon,2022-04-22,148.25,149.615005,143.697495,144.350006,144.350006,73078000
amazon,2022-04-25,144.022995,146.221497,142.306503,146.074005,146.074005,61874000
amazon,2022-04-26,144.800003,144.856003,138.929504,139.391006,139.391006,77530000
amazon,2022-04-27,140.191498,141.948502,135.783493,138.167007,138.167007,71336000
amazon,2022-04-28,142.177994,145.9375,140.300003,144.596497,144.596497,117316000
amazon,2022-04-29,129.848999,130.761002,121.625,124.281502,124.281502,272662000
amazon,2022-05-02,122.401001,124.667999,118.375,124.5,124.5,148788000
amazon,2022-05-03,124.053497,126.220497,122.824997,124.253502,124.253502,79134000
amazon,2022-05-04,123.599998,126.0,119.182999,125.928497,125.928497,110746000
amazon,2022-05-05,123.0,123.499001,115.072502,116.406998,116.406998,144392000
amazon,2022-05-06,114.849998,119.050499,113.081497,114.772499,114.772499,124260000
amazon,2022-05-09,111.3125,114.0,107.957001,108.789001,108.789001,128124000
amazon,2022-05-10,111.25,112.642502,107.170998,108.859001,108.859001,105434000
amazon,2022-05-11,108.1035,110.155998,104.428497,105.372002,105.372002,109704000
amazon,2022-05-12,102.75,110.780502,102.405502,106.930496,106.930496,132026000
amazon,2022-05-13,109.069,113.183998,107.800003,113.055,113.055,93684000
amazon,2022-05-16,113.099998,113.9925,110.353996,110.810501,110.810501,74566000
amazon,2022-05-17,113.275002,115.800003,111.276497,115.3685,115.3685,76448000
amazon,2022-05-18,111.439499,112.852997,106.249001,107.112503,107.112503,108380000
amazon,2022-05-19,106.280502,110.033997,106.193001,107.319,107.319,88142000
amazon,2022-05-20,109.568497,109.898003,105.009499,107.591003,107.591003,99500000
amazon,2022-05-23,108.460999,108.819,103.949997,107.556999,107.556999,107798000
amazon,2022-05-24,104.025002,105.400002,101.260002,104.099998,104.099998,102934000
amazon,2022-05-25,103.655502,108.175003,103.650002,106.775002,106.775002,93120000
amazon,2022-05-26,107.970001,112.665497,107.453499,111.077499,111.077499,93002000
amazon,2022-05-27,113.550003,115.186996,112.627998,115.1465,115.1465,93660000
amazon,2022-05-31,116.279999,121.994499,115.675003,120.209503,120.209503,144634000
amazon,2022-06-01,122.255997,125.179001,120.622498,121.683998,121.683998,127528000
amazon,2022-06-02,121.683998,125.610001,120.044998,125.511002,125.511002,100560000
amazon,2022-06-03,124.199997,124.400002,121.046501,122.349998,122.349998,97604000
amazon,2022-06-06,125.25,128.990005,123.809998,124.790001,124.790001,135269000
amazon,2022-06-07,122.010002,124.099998,120.629997,123.0,123.0,85156700
amazon,2022-06-08,122.610001,123.75,120.75,121.18,121.18,64926600
amazon,2022-06-09,119.989998,121.300003,116.099998,116.150002,116.150002,67029800
amazon,2022-06-10,113.419998,114.5,109.050003,109.650002,109.650002,87266000
amazon,2022-06-13,104.190002,106.540001,101.860001,103.669998,103.669998,99277700
amazon,2022-06-14,104.190002,104.879997,101.43,102.309998,102.309998,69728800
amazon,2022-06-15,103.860001,109.059998,103.529999,107.669998,107.669998,85011100
amazon,2022-06-16,104.470001,104.580002,102.010002,103.660004,103.660004,82186300
amazon,2022-06-17,102.800003,106.980003,102.510002,106.220001,106.220001,99772100
amazon,2022-06-21,108.199997,111.629997,103.559998,108.68,108.68,70901200
amazon,2022-06-22,107.43,112.129997,107.019997,108.949997,108.949997,60040100
amazon,2022-06-23,110.389999,113.0,107.93,112.440002,112.440002,64345300
amazon,2022-06-24,112.379997,116.709999,111.43,116.459999,116.459999,69867600
amazon,2022-06-27,117.089996,117.980003,112.699997,113.220001,113.220001,62133200
amazon,2022-06-28,113.5,114.849998,107.040001,107.400002,107.400002,74942900
amazon,2022-06-29,107.379997,110.989998,106.910004,108.919998,108.919998,66375300
amazon,2022-06-30,108.110001,108.18,102.519997,106.209999,106.209999,97679400
amazon,2022-07-01,106.290001,109.75,105.849998,109.559998,109.559998,73021200
amazon,2022-07-05,107.599998,114.080002,106.32,113.5,113.5,76583700
amazon,2022-07-06,113.209999,115.480003,112.010002,114.330002,114.330002,66958900
amazon,2022-07-07,113.849998,116.989998,113.489998,116.330002,116.330002,57872300
amazon,2022-07-08,114.599998,116.580002,113.690002,115.540001,115.540001,45719700
amazon,2022-07-11,114.080002,114.300003,110.870003,111.75,111.75,53487600
amazon,2022-07-12,112.160004,113.230003,108.339996,109.220001,109.220001,54280300
amazon,2022-07-13,107.029999,111.779999,106.010002,110.400002,110.400002,61353800
amazon,2022-07-14,110.239998,111.18,107.580002,110.629997,110.629997,51163100
amazon,2022-07-15,112.5,115.589996,111.589996,113.550003,113.550003,84317800
amazon,2022-07-18,115.0,117.239998,113.150002,113.760002,113.760002,59115400
amazon,2022-07-19,115.699997,118.949997,114.029999,118.209999,118.209999,60990000
amazon,2022-07-20,118.620003,123.480003,118.32,122.769997,122.769997,71268300
amazon,2022-07-21,123.199997,124.849998,121.260002,124.629997,124.629997,60239900
amazon,2022-07-22,125.010002,125.5,121.349998,122.419998,122.419998,51463800
amazon,2022-07-25,122.699997,123.639999,120.029999,121.139999,121.139999,50221300
amazon,2022-07-26,115.790001,118.150002,114.529999,114.809998,114.809998,67075100
amazon,2022-07-27,117.309998,121.900002,117.160004,120.970001,120.970001,61582000
amazon,2022-07-28,121.57,122.839996,118.080002,122.279999,122.279999,82245500
amazon,2022-07-29,134.899994,137.649994,132.410004,134.949997,134.949997,148892900
amazon,2022-08-01,134.960007,138.830002,133.509995,135.389999,135.389999,76846900
amazon,2022-08-02,134.720001,137.440002,134.089996,134.160004,134.160004,61922400
amazon,2022-08-03,136.210007,140.490005,136.050003,139.520004,139.520004,71827800
amazon,2022-08-04,140.580002,143.559998,139.550003,142.570007,142.570007,70585000
amazon,2022-08-05,140.100006,142.860001,139.600006,140.800003,140.800003,50686900
amazon,2022-08-08,142.050003,144.229996,138.289993,139.410004,139.410004,52229000
amazon,2022-08-09,138.050003,138.949997,136.210007,137.830002,137.830002,40434700
amazon,2022-08-10,142.899994,144.600006,141.009995,142.690002,142.690002,54773800
amazon,2022-08-11,143.860001,144.490005,139.759995,140.639999,140.639999,44867300
amazon,2022-08-12,142.050003,143.570007,140.119995,143.550003,143.550003,47643500
amazon,2022-08-15,142.800003,143.759995,141.490005,143.179993,143.179993,39014600
amazon,2022-08-16,143.910004,146.570007,142.0,144.779999,144.779999,59102900
amazon,2022-08-17,142.690002,143.380005,140.779999,142.100006,142.100006,48149800
amazon,2022-08-18,141.320007,142.770004,140.380005,142.300003,142.300003,37458700
amazon,2022-08-19,140.470001,141.110001,137.910004,138.229996,138.229996,47792800
amazon,2022-08-22,135.720001,136.320007,132.850006,133.220001,133.220001,50461500
amazon,2022-08-23,133.410004,134.990005,132.949997,133.619995,133.619995,36252100
amazon,2022-08-24,132.75,135.470001,132.100006,133.800003,133.800003,38627000
amazon,2022-08-25,135.259995,137.419998,134.279999,137.279999,137.279999,37496300
amazon,2022-08-26,136.550003,137.830002,130.5,130.75,130.75,53322700
amazon,2022-08-29,129.899994,131.949997,128.770004,129.789993,129.789993,48101600
amazon,2022-08-30,131.25,132.070007,126.849998,128.729996,128.729996,49203000
amazon,2022-08-31,129.449997,130.589996,126.739998,126.769997,126.769997,53648700
amazon,2022-09-01,126.0,128.020004,123.660004,127.82,127.82,56636100
amazon,2022-09-02,129.5,131.380005,126.389999,127.510002,127.510002,57429800
amazon,2022-09-06,127.919998,128.619995,124.739998,126.110001,126.110001,43888600
amazon,2022-09-07,126.120003,129.820007,125.400002,129.479996,129.479996,47900300
amazon,2022-09-08,127.720001,130.279999,127.099998,129.820007,129.820007,43988500
amazon,2022-09-09,130.910004,133.690002,130.759995,133.270004,133.270004,49387600
amazon,2022-09-12,134.100006,136.490005,134.0,136.449997,136.449997,53826900
amazon,2022-09-13,131.009995,131.399994,126.269997,126.82,126.82,72694000
amazon,2022-09-14,127.360001,128.839996,126.330002,128.550003,128.550003,45316800
amazon,2022-09-15,127.379997,130.369995,125.5,126.279999,126.279999,52887200
amazon,2022-09-16,122.779999,123.870003,120.699997,123.529999,123.529999,115667800
amazon,2022-09-19,122.160004,124.709999,121.800003,124.660004,124.660004,47279700
amazon,2022-09-20,123.349998,124.400002,121.139999,122.190002,122.190002,47698400
amazon,2022-09-21,122.489998,123.760002,118.449997,118.540001,118.540001,58498900
amazon,2022-09-22,117.080002,118.790001,116.260002,117.309998,117.309998,55229200
amazon,2022-09-23,116.0,116.050003,112.059998,113.779999,113.779999,65126700
amazon,2022-09-26,113.300003,117.339996,113.129997,115.150002,115.150002,62723300
amazon,2022-09-27,117.199997,118.32,113.050003,114.410004,114.410004,60094700
amazon,2022-09-28,114.379997,118.699997,113.800003,118.010002,118.010002,55763800
amazon,2022-09-29,115.599998,116.07,113.059998,114.800003,114.800003,58969700
amazon,2022-09-30,114.080002,116.919998,112.839996,113.0,113.0,59479600
amazon,2022-10-03,113.580002,116.910004,112.449997,115.879997,115.879997,50941900
amazon,2022-10-04,119.889999,123.0,119.790001,121.089996,121.089996,62812600
amazon,2022-10-05,118.580002,121.75,117.690002,120.949997,120.949997,48217500
amazon,2022-10-06,120.769997,121.529999,119.5,120.300003,120.300003,42253800
amazon,2022-10-07,118.0,118.169998,113.879997,114.559998,114.559998,54678000
amazon,2022-10-10,115.099998,116.25,112.43,113.669998,113.669998,42339700
amazon,2022-10-11,112.709999,115.480003,110.389999,112.209999,112.209999,56432200
amazon,2022-10-12,112.489998,113.830002,111.400002,112.900002,112.900002,45728700
amazon,2022-10-13,107.879997,113.440002,105.349998,112.529999,112.529999,86868100
amazon,2022-10-14,114.099998,114.959999,106.599998,106.900002,106.900002,67737300
amazon,2022-10-17,110.110001,114.190002,110.089996,113.790001,113.790001,62782000
amazon,2022-10-18,119.059998,119.519997,114.790001,116.360001,116.360001,65607400
amazon,2022-10-19,114.709999,116.589996,113.220001,115.07,115.07,47198100
amazon,2022-10-20,113.830002,118.239998,113.510002,115.25,115.25,48795100
amazon,2022-10-21,114.790001,119.589996,114.5,119.32,119.32,55660500
amazon,2022-10-24,119.980003,120.389999,116.57,119.82,119.82,49531500
amazon,2022-10-25,119.650002,121.32,118.949997,120.599998,120.599998,50934600
amazon,2022-10-26,116.0,119.349998,114.760002,115.660004,115.660004,68802300
amazon,2022-10-27,113.919998,114.120003,109.769997,110.959999,110.959999,129605400
amazon,2022-10-28,97.910004,103.959999,97.660004,103.410004,103.410004,223133400
amazon,2022-10-31,103.559998,104.870003,100.739998,102.440002,102.440002,99251400
amazon,2022-11-01,103.989998,104.580002,96.059998,96.790001,96.790001,153370000
amazon,2022-11-02,97.32,97.739998,92.010002,92.120003,92.120003,135761800
amazon,2022-11-03,92.470001,93.5,89.019997,89.300003,89.300003,136683300
amazon,2022-11-04,91.489998,92.440002,88.040001,90.980003,90.980003,129101300
amazon,2022-11-07,91.949997,92.099998,89.040001,90.529999,90.529999,77495700
amazon,2022-11-08,90.790001,91.720001,88.230003,89.980003,89.980003,88703400
amazon,2022-11-09,89.470001,89.480003,85.870003,86.139999,86.139999,90796200
amazon,2022-11-10,92.940002,98.690002,91.650002,96.629997,96.629997,173414900
amazon,2022-11-11,97.879997,101.190002,96.660004,100.790001,100.790001,111590500
amazon,2022-11-14,98.769997,100.120003,97.290001,98.489998,98.489998,99533100
amazon,2022-11-15,103.209999,103.790001,97.339996,98.940002,98.940002,111336300
amazon,2022-11-16,96.849998,98.489998,95.540001,97.120003,97.120003,87958800
amazon,2022-11-17,95.370003,96.970001,94.029999,94.849998,94.849998,82617900
amazon,2022-11-18,95.949997,95.989998,92.480003,94.139999,94.139999,72428200
amazon,2022-11-21,93.970001,95.019997,90.589996,92.459999,92.459999,84330300
amazon,2022-11-22,92.620003,93.349998,90.870003,93.199997,93.199997,62192000
amazon,2022-11-23,93.239998,94.580002,92.830002,94.129997,94.129997,59414700
amazon,2022-11-25,93.790001,94.43,93.07,93.410004,93.410004,35088600
amazon,2022-11-28,93.93,96.400002,93.43,93.949997,93.949997,74943100
amazon,2022-11-29,94.040001,94.410004,91.440002,92.419998,92.419998,65567300
amazon,2022-11-30,92.470001,96.540001,91.529999,96.540001,96.540001,102805800
amazon,2022-12-01,96.989998,97.230003,94.919998,95.5,95.5,68488000
amazon,2022-12-02,94.480003,95.360001,93.779999,94.129997,94.129997,72496400
amazon,2022-12-05,93.050003,94.059998,90.82,91.010002,91.010002,71535500
amazon,2022-12-06,90.5,91.040001,87.900002,88.25,88.25,75503600
amazon,2022-12-07,88.339996,89.889999,87.480003,88.459999,88.459999,68086900
amazon,2022-12-08,89.239998,90.860001,87.879997,90.349998,90.349998,73305900
amazon,2022-12-09,88.900002,90.300003,88.629997,89.089996,89.089996,67398500
amazon,2022-12-12,89.209999,90.580002,87.870003,90.550003,90.550003,61999800
amazon,2022-12-13,95.230003,96.25,90.519997,92.489998,92.489998,100212000
amazon,2022-12-14,92.5,93.459999,89.870003,91.580002,91.580002,70298000
amazon,2022-12-15,89.889999,89.970001,87.470001,88.449997,88.449997,84802900
amazon,2022-12-16,88.269997,89.349998,86.730003,87.860001,87.860001,146144100
amazon,2022-12-19,87.510002,87.629997,84.510002,84.919998,84.919998,83531500
amazon,2022-12-20,85.330002,86.610001,84.330002,85.190002,85.190002,74348300
amazon,2022-12-21,86.18,87.230003,85.209999,86.769997,86.769997,59267200
amazon,2022-12-22,85.519997,85.68,82.25,83.790001,83.790001,81431300
amazon,2022-12-23,83.25,85.779999,82.93,85.25,85.25,57433700
amazon,2022-12-27,84.970001,85.349998,83.0,83.040001,83.040001,57284000
amazon,2022-12-28,82.800003,83.480003,81.690002,81.82,81.82,58228600
amazon,2022-12-29,82.870003,84.550003,82.550003,84.18,84.18,54995900
amazon,2022-12-30,83.120003,84.050003,82.470001,84.0,84.0,62330000
amazon,2023-01-03,85.459999,86.959999,84.209999,85.82,85.82,76706000
amazon,2023-01-04,86.550003,86.980003,83.360001,85.139999,85.139999,68885100
amazon,2023-01-05,85.330002,85.419998,83.07,83.120003,83.120003,67930800
amazon,2023-01-06,83.029999,86.400002,81.43,86.080002,86.080002,83219100
amazon,2023-01-09,87.459999,89.480003,87.080002,87.360001,87.360001,65266100
amazon,2023-01-10,87.57,90.190002,87.290001,89.870003,89.870003,67756600
amazon,2023-01-11,90.93,95.260002,90.93,95.089996,95.089996,103126200
amazon,2023-01-12,96.93,97.190002,93.5,95.269997,95.269997,85254800
amazon,2023-01-13,94.18,98.370003,94.120003,98.120003,98.120003,85413600
microsoft,2022-01-18,304.070007,309.799988,301.73999,302.649994,299.840424,42333200
microsoft,2022-01-19,306.290009,313.910004,302.700012,303.329987,300.51416,45933900
microsoft,2022-01-20,309.070007,311.649994,301.140015,301.600006,298.800201,35380700
microsoft,2022-01-21,302.690002,304.109985,295.609985,296.029999,293.281921,57984400
microsoft,2022-01-24,292.200012,297.109985,276.049988,296.369995,293.618774,85731500
microsoft,2022-01-25,291.519989,294.98999,285.170013,288.48999,285.81192,72848600
microsoft,2022-01-26,307.98999,308.5,293.029999,296.709991,293.955566,90428900
microsoft,2022-01-27,302.660004,307.299988,297.929993,299.839996,297.056519,53481300
microsoft,2022-01-28,300.230011,308.480011,294.450012,308.26001,305.398407,49743700
microsoft,2022-01-31,308.950012,312.380005,306.369995,310.980011,308.093109,46444500
microsoft,2022-02-01,310.410004,310.630005,305.130005,308.76001,305.893738,40950400
microsoft,2022-02-02,309.630005,315.119995,308.880005,313.459991,310.550079,36636000
microsoft,2022-02-03,309.48999,311.230011,299.959991,301.25,298.45343,43730000
microsoft,2022-02-04,300.209991,308.799988,299.970001,305.940002,303.099884,35096500
microsoft,2022-02-07,306.170013,307.839996,299.899994,300.950012,298.15625,28533300
microsoft,2022-02-08,301.25,305.559998,299.950012,304.559998,301.732727,32421200
microsoft,2022-02-09,309.869995,311.929993,307.390015,311.209991,308.320984,31284700
microsoft,2022-02-10,304.040009,309.119995,300.700012,302.380005,299.572968,45386200
microsoft,2022-02-11,303.190002,304.290009,294.220001,295.040009,292.301117,39175600
microsoft,2022-02-14,293.769989,296.76001,291.350006,295.0,292.261475,36359500
microsoft,2022-02-15,300.01001,300.799988,297.019989,300.470001,297.680695,27058300
microsoft,2022-02-16,298.369995,300.869995,293.679993,299.5,297.333221,29982100
microsoft,2022-02-17,296.359985,296.799988,290.0,290.730011,288.626678,32461600
microsoft,2022-02-18,293.049988,293.859985,286.309998,287.929993,285.846893,34264000
microsoft,2022-02-22,285.0,291.540009,284.5,287.720001,285.638458,41736100
microsoft,2022-02-23,290.179993,291.700012,280.100006,280.269989,278.242371,37811200
microsoft,2022-02-24,272.51001,295.160004,271.519989,294.589996,292.45874,56989700
microsoft,2022-02-25,295.140015,297.630005,291.649994,297.309998,295.159058,32546700
microsoft,2022-02-28,294.309998,299.140015,293.0,298.790009,296.628357,34627500
microsoft,2022-03-01,296.399994,299.970001,292.149994,294.950012,292.816162,31217800
microsoft,2022-03-02,295.359985,301.470001,293.700012,300.190002,298.018219,31873000
microsoft,2022-03-03,302.890015,303.130005,294.049988,295.920013,293.779144,27314500
microsoft,2022-03-04,294.290009,295.660004,287.170013,289.859985,287.762939,32356500
microsoft,2022-03-07,288.529999,289.690002,278.529999,278.910004,276.892181,43157200
microsoft,2022-03-08,277.799988,283.959991,270.0,275.850006,273.85434,48159500
microsoft,2022-03-09,283.440002,289.600006,280.779999,288.5,286.412811,35204500
microsoft,2022-03-10,283.019989,286.600006,280.579987,285.589996,283.523834,30628000
microsoft,2022-03-11,287.959991,289.51001,279.429993,280.070007,278.043823,27209300
microsoft,2022-03-14,280.339996,285.399994,275.820007,276.440002,274.440063,30660700
microsoft,2022-03-15,280.350006,287.820007,278.730011,287.149994,285.072571,34245100
microsoft,2022-03-16,289.109985,294.570007,283.200012,294.390015,292.260193,37826300
microsoft,2022-03-17,293.290009,295.609985,289.369995,295.220001,293.084167,30816600
microsoft,2022-03-18,295.369995,301.0,292.730011,300.429993,298.25647,43390600
microsoft,2022-03-21,298.890015,300.140015,294.899994,299.160004,296.995697,28351200
microsoft,2022-03-22,299.799988,305.0,298.769989,304.059998,301.860229,27599700
microsoft,2022-03-23,300.51001,303.230011,297.720001,299.48999,297.323303,25715400
microsoft,2022-03-24,299.140015,304.200012,298.320007,304.100006,301.899963,24484500
microsoft,2022-03-25,305.230011,305.5,299.290009,303.679993,301.482971,22566500
microsoft,2022-03-28,304.329987,310.799988,304.329987,310.700012,308.45224,29578200
microsoft,2022-03-29,313.910004,315.820007,309.049988,315.410004,313.128113,30393400
microsoft,2022-03-30,313.76001,315.950012,311.579987,313.859985,311.589325,28163600
microsoft,2022-03-31,313.899994,315.140015,307.890015,308.309998,306.079468,33422100
microsoft,2022-04-01,309.369995,310.130005,305.540009,309.420013,307.181458,27110500
microsoft,2022-04-04,310.089996,315.109985,309.709991,314.970001,312.691284,24289600
microsoft,2022-04-05,313.269989,314.869995,309.869995,310.880005,308.63089,23156700
microsoft,2022-04-06,305.190002,307.0,296.709991,299.5,297.333221,40110400
microsoft,2022-04-07,296.660004,303.649994,296.350006,301.369995,299.189697,31411200
microsoft,2022-04-08,300.440002,301.119995,296.279999,296.970001,294.821533,24361900
microsoft,2022-04-11,291.790009,292.609985,285.0,285.26001,283.196259,34569300
microsoft,2022-04-12,289.23999,290.73999,280.48999,282.059998,280.019379,30966700
microsoft,2022-04-13,282.730011,288.579987,281.299988,287.619995,285.539185,21907200
microsoft,2022-04-14,288.089996,288.309998,279.320007,279.829987,277.805511,28221600
microsoft,2022-04-18,278.910004,282.459991,278.339996,280.519989,278.490509,20778000
microsoft,2022-04-19,279.380005,286.170013,278.410004,285.299988,283.235931,22297700
microsoft,2022-04-20,289.399994,289.700012,285.369995,286.359985,284.288269,22906700
microsoft,2022-04-21,288.579987,293.299988,280.059998,280.809998,278.778412,29454600
microsoft,2022-04-22,281.679993,283.200012,273.380005,274.029999,272.047516,29405800
microsoft,2022-04-25,273.290009,281.109985,270.769989,280.720001,278.689087,35678900
microsoft,2022-04-26,277.5,278.359985,270.0,270.220001,268.265076,46518400
microsoft,2022-04-27,282.100006,290.970001,279.160004,283.220001,281.17099,63477700
microsoft,2022-04-28,285.190002,290.980011,281.459991,289.630005,287.534637,33646600
microsoft,2022-04-29,288.609985,289.880005,276.5,277.519989,275.512238,37073900
microsoft,2022-05-02,277.709991,284.940002,276.220001,284.470001,282.411987,35151100
microsoft,2022-05-03,283.959991,284.130005,280.149994,281.779999,279.741425,25978600
microsoft,2022-05-04,282.589996,290.880005,276.730011,289.980011,287.88208,33599300
microsoft,2022-05-05,285.540009,286.350006,274.339996,277.350006,275.343475,43260400
microsoft,2022-05-06,274.809998,279.25,271.269989,274.730011,272.742401,37780300
microsoft,2022-05-09,270.059998,272.359985,263.320007,264.579987,262.665833,47726000
microsoft,2022-05-10,271.690002,273.75,265.070007,269.5,267.550262,39336400
microsoft,2022-05-11,265.679993,271.359985,259.299988,260.549988,258.664978,48975900
microsoft,2022-05-12,257.690002,259.880005,250.020004,255.350006,253.50264,51033800
microsoft,2022-05-13,257.350006,263.040009,255.350006,261.119995,259.230896,34925100
microsoft,2022-05-16,259.959991,265.820007,255.779999,261.5,259.608124,32550900
microsoft,2022-05-17,266.109985,268.329987,262.459991,266.820007,264.889679,28828800
microsoft,2022-05-18,263.0,263.600006,252.770004,254.080002,252.82933,31356000
microsoft,2022-05-19,253.899994,257.670013,251.880005,253.139999,251.893936,32692300
microsoft,2022-05-20,257.23999,258.540009,246.440002,252.559998,251.316803,39199300
microsoft,2022-05-23,255.490005,261.5,253.429993,260.649994,259.366974,33175400
microsoft,2022-05-24,257.890015,261.329987,253.5,259.619995,258.342041,29043900
microsoft,2022-05-25,258.140015,264.579987,257.130005,262.519989,261.227753,28547900
microsoft,2022-05-26,262.269989,267.109985,261.429993,265.899994,264.591125,25002100
microsoft,2022-05-27,268.480011,273.339996,267.559998,273.23999,271.894989,26910800
microsoft,2022-05-31,272.529999,274.769989,268.929993,271.869995,270.531769,37827700
microsoft,2022-06-01,275.200012,277.690002,270.040009,272.420013,271.079041,25292200
microsoft,2022-06-02,264.450012,274.649994,261.600006,274.579987,273.228394,44008200
microsoft,2022-06-03,270.309998,273.450012,268.410004,270.019989,268.690857,28059000
microsoft,2022-06-06,272.059998,274.179993,267.220001,268.75,267.427094,22400300
microsoft,2022-06-07,266.640015,273.130005,265.940002,272.5,271.158661,22860700
microsoft,2022-06-08,271.709991,273.0,269.609985,270.410004,269.078949,17372300
microsoft,2022-06-09,267.779999,272.709991,264.630005,264.790009,263.486603,26439700
microsoft,2022-06-10,260.579987,260.579987,252.529999,252.990005,251.74469,31422800
microsoft,2022-06-13,245.110001,249.020004,241.529999,242.259995,241.06749,46135800
microsoft,2022-06-14,243.860001,245.740005,241.509995,244.490005,243.28653,28651500
microsoft,2022-06-15,248.309998,255.300003,246.419998,251.759995,250.520737,33111700
microsoft,2022-06-16,245.979996,247.419998,243.020004,244.970001,243.76416,33169200
microsoft,2022-06-17,244.699997,250.5,244.029999,247.649994,246.430954,43084800
microsoft,2022-06-21,250.259995,254.75,249.509995,253.740005,252.490997,29928300
microsoft,2022-06-22,251.889999,257.170013,250.369995,253.130005,251.883987,25939900
microsoft,2022-06-23,255.570007,259.369995,253.630005,258.859985,257.585754,25861400
microsoft,2022-06-24,261.809998,267.980011,261.720001,267.700012,266.382294,33923200
microsoft,2022-06-27,268.209991,268.299988,263.279999,264.890015,263.586121,24615100
microsoft,2022-06-28,263.980011,266.910004,256.320007,256.480011,255.217514,27295500
microsoft,2022-06-29,257.589996,261.970001,255.759995,260.26001,258.978882,20069800
microsoft,2022-06-30,257.049988,259.529999,252.899994,256.829987,255.56575,31730900
microsoft,2022-07-01,256.390015,259.769989,254.610001,259.579987,258.302246,22837700
microsoft,2022-07-05,256.160004,262.980011,254.740005,262.850006,261.556152,22941000
microsoft,2022-07-06,263.75,267.98999,262.399994,266.209991,264.899597,23824400
microsoft,2022-07-07,265.119995,269.059998,265.019989,268.399994,267.078796,20859900
microsoft,2022-07-08,264.790009,268.100006,263.290009,267.660004,266.342468,19658800
microsoft,2022-07-11,265.649994,266.529999,262.179993,264.51001,263.207977,19455200
microsoft,2022-07-12,265.880005,265.940002,252.039993,253.669998,252.421326,35868500
microsoft,2022-07-13,250.190002,253.550003,248.110001,252.720001,251.476013,29497400
microsoft,2022-07-14,250.570007,255.139999,245.940002,254.080002,252.82933,25102800
microsoft,2022-07-15,255.720001,260.369995,254.770004,256.720001,255.456329,29774100
microsoft,2022-07-18,259.75,260.839996,253.300003,254.25,252.998474,20975000
microsoft,2022-07-19,257.579987,259.720001,253.679993,259.529999,258.252502,25012600
microsoft,2022-07-20,259.899994,264.869995,258.910004,262.269989,260.979004,22788300
microsoft,2022-07-21,259.790009,264.890015,257.029999,264.839996,263.536346,22404700
microsoft,2022-07-22,265.23999,265.329987,259.070007,260.359985,259.078369,21881300
microsoft,2022-07-25,261.0,261.5,256.809998,258.829987,257.555939,21056000
microsoft,2022-07-26,259.859985,259.880005,249.570007,251.899994,250.660034,39348000
microsoft,2022-07-27,261.160004,270.049988,258.850006,268.73999,267.417145,45994000
microsoft,2022-07-28,269.75,277.839996,267.869995,276.410004,275.049377,33459300
microsoft,2022-07-29,277.700012,282.0,276.630005,280.73999,279.358093,32152800
microsoft,2022-08-01,277.820007,281.279999,275.839996,278.01001,276.64151,21539600
microsoft,2022-08-02,276.0,277.890015,272.380005,274.820007,273.467255,22754200
microsoft,2022-08-03,276.76001,283.5,276.609985,282.470001,281.07959,23518900
microsoft,2022-08-04,281.799988,283.799988,280.170013,283.649994,282.253754,18098700
microsoft,2022-08-05,279.149994,283.649994,278.679993,282.910004,281.517395,16774600
microsoft,2022-08-08,284.049988,285.920013,279.320007,280.320007,278.940155,18739200
microsoft,2022-08-09,279.640015,283.079987,277.609985,282.299988,280.9104,23405200
microsoft,2022-08-10,288.170013,289.809998,286.940002,289.160004,287.736633,24687800
microsoft,2022-08-11,290.850006,291.209991,286.51001,287.019989,285.607147,20065900
microsoft,2022-08-12,288.480011,291.910004,286.940002,291.910004,290.473114,22619700
microsoft,2022-08-15,291.0,294.179993,290.109985,293.470001,292.025421,18085700
microsoft,2022-08-16,291.98999,294.040009,290.420013,292.709991,291.269165,18102900
microsoft,2022-08-17,289.73999,293.350006,289.470001,291.320007,290.501343,18253400
microsoft,2022-08-18,290.190002,291.910004,289.079987,290.170013,289.354553,17186200
microsoft,2022-08-19,288.899994,289.25,285.559998,286.149994,285.345856,20570000
microsoft,2022-08-22,282.079987,282.459991,277.220001,277.75,276.969452,25061100
microsoft,2022-08-23,276.440002,278.859985,275.399994,276.440002,275.663147,17527400
microsoft,2022-08-24,275.410004,277.230011,275.109985,275.790009,275.014984,18137000
microsoft,2022-08-25,277.329987,279.019989,274.519989,278.850006,278.066376,16583400
microsoft,2022-08-26,279.079987,280.339996,267.980011,268.089996,267.336609,27549300
microsoft,2022-08-29,265.850006,267.399994,263.850006,265.230011,264.48465,20338500
microsoft,2022-08-30,266.670013,267.049988,260.660004,262.970001,262.230988,22767100
microsoft,2022-08-31,265.390015,267.109985,261.329987,261.470001,260.735199,24791800
microsoft,2022-09-01,258.869995,260.890015,255.410004,260.399994,259.668213,23263400
microsoft,2022-09-02,261.700012,264.73999,254.470001,256.059998,255.340408,22855400
microsoft,2022-09-06,256.200012,257.829987,251.940002,253.25,252.5383,21328200
microsoft,2022-09-07,254.699997,258.829987,253.220001,258.089996,257.364716,24126700
microsoft,2022-09-08,257.51001,260.429993,254.789993,258.519989,257.793488,20319900
microsoft,2022-09-09,260.5,265.230011,260.290009,264.459991,263.716797,22084700
microsoft,2022-09-12,265.779999,267.450012,265.160004,266.649994,265.900635,18747700
microsoft,2022-09-13,258.839996,260.399994,251.589996,251.990005,251.28186,33353300
microsoft,2022-09-14,253.529999,254.229996,249.860001,252.220001,251.5112,23913000
microsoft,2022-09-15,249.770004,251.399994,244.020004,245.380005,244.69043,31530900
microsoft,2022-09-16,244.259995,245.300003,242.059998,244.740005,244.052231,39791800
microsoft,2022-09-19,242.470001,245.139999,240.850006,244.520004,243.83284,26826900
microsoft,2022-09-20,242.070007,243.509995,239.639999,242.449997,241.768661,26660300
microsoft,2022-09-21,244.270004,247.660004,238.899994,238.949997,238.278488,28625600
microsoft,2022-09-22,237.869995,243.860001,237.570007,240.979996,240.30278,31061200
microsoft,2022-09-23,239.539993,241.130005,235.199997,237.919998,237.251389,34176000
microsoft,2022-09-26,237.050003,241.449997,236.899994,237.449997,236.7827,27694200
microsoft,2022-09-27,239.979996,241.800003,234.5,236.410004,235.745636,27018700
microsoft,2022-09-28,236.809998,242.330002,234.729996,241.070007,240.392548,29029700
microsoft,2022-09-29,238.889999,239.949997,234.410004,237.5,236.832565,27484200
microsoft,2022-09-30,238.289993,240.539993,232.729996,232.899994,232.245483,35694800
microsoft,2022-10-03,235.410004,241.610001,234.660004,240.740005,240.063461,28880400
microsoft,2022-10-04,245.089996,250.360001,244.979996,248.880005,248.180588,34888400
microsoft,2022-10-05,245.990005,250.580002,244.100006,249.199997,248.49968,20347100
microsoft,2022-10-06,247.929993,250.339996,246.080002,246.789993,246.096451,20239900
microsoft,2022-10-07,240.899994,241.320007,233.169998,234.240005,233.581741,37769600
microsoft,2022-10-10,233.050003,234.559998,226.729996,229.25,228.605759,29743600
microsoft,2022-10-11,227.619995,229.059998,224.110001,225.410004,224.77655,30474000
microsoft,2022-10-12,225.399994,227.860001,223.960007,225.75,225.115585,21903900
microsoft,2022-10-13,219.850006,236.100006,219.130005,234.240005,233.581741,42551800
microsoft,2022-10-14,235.539993,237.240005,228.339996,228.559998,227.917694,30198600
microsoft,2022-10-17,235.820007,238.960007,235.139999,237.529999,236.862488,28142300
microsoft,2022-10-18,243.240005,243.929993,235.369995,238.5,237.829758,26329600
microsoft,2022-10-19,237.039993,239.610001,234.289993,236.479996,235.81543,19985700
microsoft,2022-10-20,235.770004,241.309998,234.869995,236.149994,235.486359,21811000
microsoft,2022-10-21,234.740005,243.0,234.5,242.119995,241.439575,26299700
microsoft,2022-10-24,243.759995,247.839996,241.300003,247.25,246.555176,24911200
microsoft,2022-10-25,247.259995,251.039993,245.830002,250.660004,249.955582,34775500
microsoft,2022-10-26,231.169998,238.300003,230.059998,231.320007,230.669937,82543200
microsoft,2022-10-27,231.039993,233.690002,225.779999,226.75,226.112778,40424600
microsoft,2022-10-28,226.240005,236.600006,226.050003,235.869995,235.207138,40647700
microsoft,2022-10-31,233.759995,234.919998,231.149994,232.130005,231.477661,28357300
microsoft,2022-11-01,234.600006,235.740005,227.330002,228.169998,227.528793,30592300
microsoft,2022-11-02,229.460007,231.300003,220.039993,220.100006,219.481476,38407000
microsoft,2022-11-03,220.089996,220.410004,213.979996,214.25,213.647903,36633900
microsoft,2022-11-04,217.550003,221.589996,213.429993,221.389999,220.767838,36789100
microsoft,2022-11-07,221.990005,228.410004,221.279999,227.869995,227.22963,33498000
microsoft,2022-11-08,228.699997,231.649994,225.839996,228.869995,228.226822,28192500
microsoft,2022-11-09,227.369995,228.630005,224.330002,224.509995,223.879074,27852900
microsoft,2022-11-10,235.429993,243.330002,235.0,242.979996,242.297165,46268000
microsoft,2022-11-11,242.990005,247.990005,241.929993,247.110001,246.415558,34620200
microsoft,2022-11-14,241.990005,243.910004,239.210007,241.550003,240.871185,31123300
microsoft,2022-11-15,245.660004,247.0,240.029999,241.970001,241.290009,31390100
microsoft,2022-11-16,242.789993,243.800003,240.419998,241.729996,241.729996,24093300
microsoft,2022-11-17,237.779999,243.25,237.630005,241.679993,241.679993,23123500
microsoft,2022-11-18,243.509995,243.740005,239.029999,241.220001,241.220001,27613500
microsoft,2022-11-21,241.429993,244.669998,241.190002,242.050003,242.050003,26394700
microsoft,2022-11-22,243.589996,245.309998,240.710007,245.029999,245.029999,19665700
microsoft,2022-11-23,245.110001,248.279999,244.270004,247.580002,247.580002,19508500
microsoft,2022-11-25,247.309998,248.699997,246.729996,247.490005,247.490005,9200800
microsoft,2022-11-28,246.080002,246.649994,240.800003,241.759995,241.759995,24778200
microsoft,2022-11-29,241.399994,242.789993,238.210007,240.330002,240.330002,17956300
microsoft,2022-11-30,240.570007,255.330002,239.860001,255.139999,255.139999,47594200
microsoft,2022-12-01,253.869995,256.119995,250.919998,254.690002,254.690002,26041500
microsoft,2022-12-02,249.820007,256.059998,249.690002,255.020004,255.020004,21528500
microsoft,2022-12-05,252.009995,253.820007,248.059998,250.199997,250.199997,23435300
microsoft,2022-12-06,250.820007,251.860001,243.779999,245.119995,245.119995,22463700
microsoft,2022-12-07,244.830002,246.160004,242.210007,244.369995,244.369995,20481500
microsoft,2022-12-08,244.839996,248.740005,243.059998,247.399994,247.399994,22611800
microsoft,2022-12-09,244.699997,248.309998,244.160004,245.419998,245.419998,20609700
microsoft,2022-12-12,247.449997,252.539993,247.169998,252.509995,252.509995,30665100
microsoft,2022-12-13,261.690002,263.920013,253.070007,256.920013,256.920013,42196900
microsoft,2022-12-14,257.130005,262.589996,254.309998,257.220001,257.220001,35410900
microsoft,2022-12-15,253.720001,254.199997,247.339996,249.009995,249.009995,35560400
microsoft,2022-12-16,248.550003,249.839996,243.509995,244.690002,244.690002,86102000
microsoft,2022-12-19,244.860001,245.210007,238.710007,240.449997,240.449997,29696400
microsoft,2022-12-20,239.399994,242.910004,238.419998,241.800003,241.800003,25150800
microsoft,2022-12-21,241.690002,245.619995,240.110001,244.429993,244.429993,23690600
microsoft,2022-12-22,241.259995,241.990005,233.869995,238.190002,238.190002,28651700
microsoft,2022-12-23,236.110001,238.869995,233.940002,238.729996,238.729996,21207000
microsoft,2022-12-27,238.699997,238.929993,235.830002,236.960007,236.960007,16688600
microsoft,2022-12-28,236.889999,239.720001,234.169998,234.529999,234.529999,17457100
microsoft,2022-12-29,235.649994,241.919998,235.649994,241.009995,241.009995,19770700
microsoft,2022-12-30,238.210007,239.960007,236.660004,239.820007,239.820007,21930800
microsoft,2023-01-03,243.080002,245.75,237.399994,239.580002,239.580002,25740000
microsoft,2023-01-04,232.279999,232.869995,225.960007,229.100006,229.100006,50623400
microsoft,2023-01-05,227.199997,227.550003,221.759995,222.309998,222.309998,39585600
microsoft,2023-01-06,223.0,225.759995,219.350006,224.929993,224.929993,43597700
microsoft,2023-01-09,226.449997,231.240005,226.410004,227.119995,227.119995,27369800
microsoft,2023-01-10,227.759995,231.309998,227.330002,228.850006,228.850006,27033900
microsoft,2023-01-11,231.289993,235.949997,231.110001,235.770004,235.770004,28669300
microsoft,2023-01-12,235.259995,239.899994,233.559998,238.509995,238.509995,27269500
microsoft,2023-01-13,237.0,239.369995,234.919998,239.229996,239.229996,21317700
nokia,2022-01-18,5.88,5.88,5.74,5.75,5.699095,25236800
nokia,2022-01-19,5.8,5.84,5.72,5.74,5.689184,23791200
nokia,2022-01-20,5.75,5.8,5.63,5.63,5.580158,25855700
nokia,2022-01-21,5.61,5.69,5.51,5.51,5.461221,64116800
nokia,2022-01-24,5.4,5.51,5.26,5.49,5.441397,44962300
nokia,2022-01-25,5.52,5.63,5.47,5.57,5.520689,37207600
nokia,2022-01-26,5.7,5.71,5.51,5.58,5.530601,30882900
nokia,2022-01-27,5.64,5.69,5.55,5.59,5.540512,44196400
nokia,2022-01-28,5.63,5.72,5.51,5.72,5.669361,33370700
nokia,2022-01-31,5.8,5.93,5.79,5.9,5.847768,25122600
nokia,2022-02-01,5.92,5.95,5.86,5.94,5.887414,25378700
nokia,2022-02-02,5.95,6.0,5.93,5.97,5.917148,31203900
nokia,2022-02-03,5.84,5.91,5.72,5.72,5.669361,32235300
nokia,2022-02-04,5.73,5.78,5.66,5.71,5.65945,24880000
nokia,2022-02-07,5.65,5.77,5.65,5.73,5.679273,23069500
nokia,2022-02-08,5.67,5.72,5.66,5.69,5.639627,15663800
nokia,2022-02-09,5.73,5.77,5.71,5.77,5.718918,13622400
nokia,2022-02-10,5.67,5.77,5.63,5.65,5.599981,21150500
nokia,2022-02-11,5.67,5.74,5.52,5.54,5.490955,28640500
nokia,2022-02-14,5.48,5.5,5.36,5.43,5.381928,27289200
nokia,2022-02-15,5.51,5.62,5.51,5.6,5.550424,29911500
nokia,2022-02-16,5.74,5.85,5.74,5.84,5.788299,27841300
nokia,2022-02-17,5.74,5.78,5.62,5.65,5.599981,21700700
nokia,2022-02-18,5.69,5.71,5.61,5.66,5.609892,26626000
nokia,2022-02-22,5.51,5.6,5.44,5.51,5.461221,33156700
nokia,2022-02-23,5.56,5.58,5.37,5.38,5.332371,40536600
nokia,2022-02-24,5.13,5.4,5.12,5.39,5.342282,46599900
nokia,2022-02-25,5.44,5.49,5.41,5.44,5.39184,38478900
nokia,2022-02-28,5.34,5.42,5.27,5.35,5.302637,36567100
nokia,2022-03-01,5.29,5.31,5.14,5.18,5.134142,37545500
nokia,2022-03-02,5.23,5.37,5.18,5.33,5.282814,28706000
nokia,2022-03-03,5.15,5.17,4.94,4.96,4.91609,51214000
nokia,2022-03-04,4.75,4.85,4.74,4.8,4.757506,34027800
nokia,2022-03-07,4.76,4.78,4.51,4.53,4.489896,47979400
nokia,2022-03-08,4.72,4.82,4.61,4.71,4.668303,50710900
nokia,2022-03-09,4.9,4.96,4.84,4.91,4.866532,36989000
nokia,2022-03-10,4.86,4.92,4.8,4.85,4.807063,25449600
nokia,2022-03-11,4.96,4.98,4.81,4.81,4.767417,24625700
nokia,2022-03-14,5.05,5.1,4.98,5.02,4.975558,36673600
nokia,2022-03-15,5.07,5.1,5.02,5.1,5.05485,26503800
nokia,2022-03-16,5.24,5.26,5.1,5.26,5.213434,32842100
nokia,2022-03-17,5.27,5.33,5.24,5.32,5.272902,22962000
nokia,2022-03-18,5.22,5.34,5.22,5.33,5.282814,20828300
nokia,2022-03-21,5.33,5.36,5.26,5.3,5.253079,20785300
nokia,2022-03-22,5.36,5.39,5.32,5.37,5.322459,25156700
nokia,2022-03-23,5.31,5.34,5.25,5.28,5.233257,17479200
nokia,2022-03-24,5.3,5.36,5.28,5.34,5.292726,17752300
nokia,2022-03-25,5.33,5.38,5.31,5.37,5.322459,18601200
nokia,2022-03-28,5.37,5.4,5.32,5.39,5.342282,17026300
nokia,2022-03-29,5.56,5.58,5.47,5.53,5.481043,23298200
nokia,2022-03-30,5.55,5.6,5.53,5.53,5.481043,25986500
nokia,2022-03-31,5.52,5.54,5.46,5.46,5.411663,18254600
nokia,2022-04-01,5.53,5.55,5.48,5.55,5.500866,17550400
nokia,2022-04-04,5.57,5.59,5.55,5.59,5.540512,14702400
nokia,2022-04-05,5.56,5.57,5.5,5.52,5.471132,26184200
nokia,2022-04-06,5.46,5.47,5.36,5.41,5.362105,24163800
nokia,2022-04-07,5.43,5.45,5.35,5.44,5.39184,22521000
nokia,2022-04-08,5.41,5.45,5.36,5.37,5.322459,16916400
nokia,2022-04-11,5.33,5.36,5.28,5.29,5.243168,19077300
nokia,2022-04-12,5.27,5.31,5.15,5.18,5.134142,22544600
nokia,2022-04-13,5.22,5.25,5.18,5.25,5.203522,22584400
nokia,2022-04-14,5.24,5.27,5.1,5.11,5.064761,21080800
nokia,2022-04-18,5.07,5.13,5.03,5.1,5.05485,15062300
nokia,2022-04-19,5.15,5.23,5.14,5.2,5.153965,24988700
nokia,2022-04-20,5.33,5.35,5.29,5.33,5.282814,28273200
nokia,2022-04-21,5.4,5.41,5.27,5.27,5.223345,30061800
nokia,2022-04-22,5.28,5.28,5.12,5.14,5.094495,34457000
nokia,2022-04-25,5.12,5.22,5.08,5.21,5.163877,40947400
nokia,2022-04-26,5.21,5.22,5.08,5.09,5.044939,31870800
nokia,2022-04-27,5.07,5.11,5.0,5.04,4.995381,45674900
nokia,2022-04-28,5.03,5.04,4.75,4.9,4.856621,60763600
nokia,2022-04-29,5.06,5.12,5.03,5.04,4.995381,42409400
nokia,2022-05-02,4.97,5.14,4.96,5.13,5.105859,56168800
nokia,2022-05-03,5.14,5.28,5.13,5.23,5.205388,46478000
nokia,2022-05-04,5.19,5.34,5.16,5.33,5.304917,28011200
nokia,2022-05-05,5.18,5.22,5.07,5.11,5.085953,45501500
nokia,2022-05-06,5.04,5.05,4.93,4.96,4.936659,42865200
nokia,2022-05-09,4.85,4.89,4.76,4.78,4.757506,38416100
nokia,2022-05-10,4.84,4.86,4.73,4.81,4.787364,39593100
nokia,2022-05-11,4.8,4.89,4.69,4.69,4.667929,47786100
nokia,2022-05-12,4.63,4.72,4.58,4.67,4.648024,48509900
nokia,2022-05-13,4.79,4.91,4.79,4.88,4.857035,25335500
nokia,2022-05-16,4.88,4.92,4.84,4.88,4.857035,31238000
nokia,2022-05-17,4.96,5.05,4.95,5.04,5.016282,26692600
nokia,2022-05-18,5.0,5.02,4.83,4.86,4.83713,35275200
nokia,2022-05-19,4.77,4.87,4.73,4.8,4.777412,41833300
nokia,2022-05-20,4.88,4.9,4.72,4.83,4.807271,36037700
nokia,2022-05-23,4.88,4.96,4.84,4.93,4.9068,30988400
nokia,2022-05-24,4.9,4.93,4.86,4.9,4.876941,33970800
nokia,2022-05-25,4.88,4.96,4.86,4.93,4.9068,33097900
nokia,2022-05-26,4.94,5.11,4.94,5.09,5.066047,36661500
nokia,2022-05-27,5.1,5.15,5.07,5.14,5.115811,19403100
nokia,2022-05-31,5.04,5.07,4.99,5.01,4.986423,33552200
nokia,2022-06-01,5.01,5.04,4.92,4.97,4.946611,38040600
nokia,2022-06-02,4.99,5.09,4.96,5.09,5.066047,28923800
nokia,2022-06-03,5.03,5.06,5.0,5.04,5.016282,29687900
nokia,2022-06-06,5.06,5.09,4.99,5.0,4.97647,32119400
nokia,2022-06-07,4.99,5.07,4.96,5.07,5.046141,28128000
nokia,2022-06-08,5.01,5.05,4.99,5.01,4.986423,24280400
nokia,2022-06-09,4.95,4.98,4.85,4.85,4.827176,35493900
nokia,2022-06-10,4.74,4.76,4.68,4.7,4.677882,45863300
nokia,2022-06-13,4.63,4.67,4.56,4.57,4.548494,46380400
nokia,2022-06-14,4.76,4.78,4.63,4.67,4.648024,41501400
nokia,2022-06-15,4.71,4.82,4.66,4.76,4.7376,41937200
nokia,2022-06-16,4.62,4.65,4.56,4.58,4.558447,51041800
nokia,2022-06-17,4.65,4.67,4.55,4.59,4.5684,53596800
nokia,2022-06-21,4.73,4.78,4.7,4.71,4.687835,28100300
nokia,2022-06-22,4.68,4.74,4.67,4.68,4.657976,38534800
nokia,2022-06-23,4.64,4.68,4.58,4.67,4.648024,41369400
nokia,2022-06-24,4.69,4.83,4.68,4.81,4.787364,22890000
nokia,2022-06-27,4.84,4.87,4.78,4.82,4.797318,30702300
nokia,2022-06-28,4.84,4.87,4.74,4.75,4.727647,31195000
nokia,2022-06-29,4.76,4.77,4.68,4.71,4.687835,30976400
nokia,2022-06-30,4.6,4.65,4.55,4.61,4.588306,29242000
nokia,2022-07-01,4.61,4.66,4.54,4.66,4.63807,31178700
nokia,2022-07-05,4.47,4.55,4.41,4.55,4.528588,39648300
nokia,2022-07-06,4.51,4.58,4.48,4.56,4.538541,27760300
nokia,2022-07-07,4.58,4.64,4.57,4.63,4.608212,15795400
nokia,2022-07-08,4.61,4.69,4.59,4.65,4.628118,15861400
nokia,2022-07-11,4.59,4.66,4.58,4.61,4.588306,19140000
nokia,2022-07-12,4.6,4.65,4.56,4.57,4.548494,21726900
nokia,2022-07-13,4.52,4.61,4.51,4.6,4.578353,24229500
nokia,2022-07-14,4.44,4.47,4.37,4.46,4.439012,29844500
nokia,2022-07-15,4.53,4.61,4.5,4.61,4.588306,19344900
nokia,2022-07-18,4.63,4.66,4.56,4.57,4.548494,23160100
nokia,2022-07-19,4.57,4.69,4.56,4.68,4.657976,20809600
nokia,2022-07-20,4.68,4.72,4.64,4.7,4.677882,22249300
nokia,2022-07-21,4.97,5.14,4.96,5.12,5.095906,37441000
nokia,2022-07-22,5.09,5.16,5.08,5.1,5.076,25884900
nokia,2022-07-25,5.12,5.17,5.08,5.11,5.085953,23800700
nokia,2022-07-26,5.08,5.09,5.03,5.04,5.016282,17309100
nokia,2022-07-27,5.12,5.21,5.1,5.17,5.14567,23703400
nokia,2022-07-28,5.15,5.2,5.13,5.2,5.175529,18611600
nokia,2022-07-29,5.19,5.2,5.15,5.18,5.155623,16225000
nokia,2022-08-01,5.22,5.27,5.19,5.23,5.205388,27484300
nokia,2022-08-02,5.17,5.21,5.15,5.15,5.125765,29076500
nokia,2022-08-03,5.17,5.22,5.15,5.22,5.195435,24190200
nokia,2022-08-04,5.21,5.26,5.2,5.23,5.205388,22341600
nokia,2022-08-05,5.15,5.26,5.14,5.26,5.235247,30402400
nokia,2022-08-08,5.22,5.28,5.18,5.2,5.175529,26467600
nokia,2022-08-09,5.18,5.19,5.07,5.08,5.056094,25100300
nokia,2022-08-10,5.2,5.22,5.16,5.21,5.185483,17977300
nokia,2022-08-11,5.21,5.25,5.19,5.21,5.185483,21254200
nokia,2022-08-12,5.17,5.21,5.16,5.21,5.185483,16518900
nokia,2022-08-15,5.1,5.13,5.06,5.11,5.085953,22269500
nokia,2022-08-16,5.1,5.18,5.09,5.17,5.14567,21870800
nokia,2022-08-17,5.12,5.13,5.02,5.06,5.036188,25897200
nokia,2022-08-18,5.07,5.13,5.04,5.13,5.105859,15329500
nokia,2022-08-19,5.05,5.08,5.0,5.04,5.016282,27616300
nokia,2022-08-22,4.95,4.96,4.91,4.95,4.926705,27471700
nokia,2022-08-23,4.91,5.01,4.91,4.94,4.916753,35087100
nokia,2022-08-24,4.91,4.99,4.9,4.95,4.926705,25349200
nokia,2022-08-25,4.98,5.07,4.97,5.07,5.046141,26456700
nokia,2022-08-26,5.02,5.06,4.87,4.87,4.847082,44135600
nokia,2022-08-29,4.82,4.86,4.8,4.81,4.787364,32945500
nokia,2022-08-30,4.86,4.88,4.79,4.82,4.797318,25572400
nokia,2022-08-31,5.04,5.09,5.03,5.05,5.026236,39526900
nokia,2022-09-01,5.0,5.02,4.91,4.98,4.956564,29130100
nokia,2022-09-02,5.05,5.08,4.92,4.93,4.9068,34458000
nokia,2022-09-06,4.97,4.98,4.88,4.92,4.896847,30641000
nokia,2022-09-07,4.94,5.01,4.91,5.0,4.97647,21416600
nokia,2022-09-08,4.92,5.01,4.9,5.0,4.97647,23650700
nokia,2022-09-09,5.05,5.1,5.04,5.07,5.046141,17638500
nokia,2022-09-12,5.14,5.19,5.11,5.13,5.105859,21401800
nokia,2022-09-13,5.07,5.09,4.96,4.96,4.936659,23910300
nokia,2022-09-14,4.94,4.98,4.89,4.94,4.916753,24689800
nokia,2022-09-15,4.91,4.94,4.86,4.87,4.847082,22873500
nokia,2022-09-16,4.73,4.77,4.59,4.63,4.608212,58161100
nokia,2022-09-19,4.55,4.69,4.55,4.68,4.657976,25387800
nokia,2022-09-20,4.58,4.63,4.56,4.59,4.5684,13963600
nokia,2022-09-21,4.55,4.63,4.5,4.5,4.478824,19343200
nokia,2022-09-22,4.49,4.5,4.42,4.44,4.419106,23289000
nokia,2022-09-23,4.29,4.32,4.22,4.26,4.239953,32212500
nokia,2022-09-26,4.24,4.3,4.2,4.24,4.220047,23056400
nokia,2022-09-27,4.29,4.32,4.19,4.22,4.200141,24358700
nokia,2022-09-28,4.26,4.37,4.24,4.36,4.339482,22930100
nokia,2022-09-29,4.28,4.29,4.21,4.28,4.259859,19736200
nokia,2022-09-30,4.26,4.34,4.26,4.27,4.249906,16814300
nokia,2022-10-03,4.36,4.45,4.33,4.39,4.369341,22992300
nokia,2022-10-04,4.54,4.62,4.53,4.61,4.588306,21365700
nokia,2022-10-05,4.54,4.61,4.51,4.56,4.538541,17768000
nokia,2022-10-06,4.51,4.55,4.48,4.51,4.488777,18371200
nokia,2022-10-07,4.44,4.45,4.39,4.42,4.3992,19125100
nokia,2022-10-10,4.41,4.42,4.32,4.35,4.329529,15831700
nokia,2022-10-11,4.36,4.4,4.29,4.31,4.289718,21482800
nokia,2022-10-12,4.37,4.41,4.35,4.35,4.329529,19241100
nokia,2022-10-13,4.36,4.54,4.32,4.52,4.498729,38366500
nokia,2022-10-14,4.55,4.57,4.43,4.45,4.429059,29990100
nokia,2022-10-17,4.61,4.66,4.56,4.58,4.558447,39444600
nokia,2022-10-18,4.72,4.73,4.62,4.65,4.628118,46038800
nokia,2022-10-19,4.61,4.64,4.53,4.56,4.538541,34254500
nokia,2022-10-20,4.23,4.33,4.08,4.16,4.140423,62443200
nokia,2022-10-21,4.14,4.25,4.13,4.25,4.23,36983900
nokia,2022-10-24,4.28,4.34,4.24,4.29,4.29,38255600
nokia,2022-10-25,4.34,4.46,4.32,4.41,4.41,31484900
nokia,2022-10-26,4.41,4.49,4.41,4.43,4.43,30466100
nokia,2022-10-27,4.46,4.48,4.36,4.36,4.36,25420500
nokia,2022-10-28,4.4,4.45,4.36,4.44,4.44,20281800
nokia,2022-10-31,4.38,4.44,4.37,4.4,4.4,20751600
nokia,2022-11-01,4.44,4.47,4.39,4.42,4.42,26239700
nokia,2022-11-02,4.4,4.48,4.33,4.34,4.34,22668100
nokia,2022-11-03,4.28,4.29,4.22,4.22,4.22,25378600
nokia,2022-11-04,4.34,4.4,4.3,4.37,4.37,27027400
nokia,2022-11-07,4.38,4.43,4.36,4.41,4.41,16964900
nokia,2022-11-08,4.49,4.52,4.42,4.46,4.46,30153200
nokia,2022-11-09,4.44,4.48,4.38,4.38,4.38,20954100
nokia,2022-11-10,4.56,4.65,4.52,4.64,4.64,27145400
nokia,2022-11-11,4.66,4.78,4.64,4.75,4.75,24509000
nokia,2022-11-14,4.74,4.79,4.72,4.74,4.74,19614000
nokia,2022-11-15,4.81,4.87,4.75,4.8,4.8,36392600
nokia,2022-11-16,4.79,4.8,4.7,4.71,4.71,21253000
nokia,2022-11-17,4.64,4.74,4.64,4.73,4.73,29736200
nokia,2022-11-18,4.8,4.84,4.78,4.79,4.79,19713400
nokia,2022-11-21,4.71,4.76,4.7,4.71,4.71,18587100
nokia,2022-11-22,4.73,4.78,4.73,4.78,4.78,12850000
nokia,2022-11-23,4.79,4.84,4.78,4.79,4.79,14094600
nokia,2022-11-25,4.81,4.85,4.8,4.82,4.82,8939500
nokia,2022-11-28,4.79,4.8,4.69,4.7,4.7,15059300
nokia,2022-11-29,4.7,4.74,4.68,4.74,4.74,18886600
nokia,2022-11-30,4.76,4.93,4.73,4.93,4.93,28737400
nokia,2022-12-01,5.0,5.02,4.97,5.0,5.0,21165600
nokia,2022-12-02,5.0,5.08,5.0,5.05,5.05,17839200
nokia,2022-12-05,4.99,5.02,4.93,4.94,4.94,17868800
nokia,2022-12-06,4.93,4.93,4.84,4.87,4.87,12124100
nokia,2022-12-07,4.83,4.87,4.79,4.82,4.82,12609100
nokia,2022-12-08,4.79,4.91,4.78,4.9,4.9,16289200
nokia,2022-12-09,4.93,4.96,4.88,4.89,4.89,12798300
nokia,2022-12-12,4.88,4.95,4.84,4.93,4.93,16219900
nokia,2022-12-13,5.1,5.11,4.96,4.99,4.99,29738000
nokia,2022-12-14,4.96,5.04,4.95,4.99,4.99,18442200
nokia,2022-12-15,4.93,4.94,4.79,4.79,4.79,20198600
nokia,2022-12-16,4.65,4.68,4.59,4.63,4.63,24790700
nokia,2022-12-19,4.65,4.67,4.58,4.6,4.6,15722400
nokia,2022-12-20,4.58,4.62,4.58,4.58,4.58,12170400
nokia,2022-12-21,4.6,4.64,4.58,4.64,4.64,11778600
nokia,2022-12-22,4.6,4.63,4.55,4.61,4.61,13842700
nokia,2022-12-23,4.6,4.64,4.59,4.64,4.64,14380800
nokia,2022-12-27,4.62,4.66,4.6,4.62,4.62,10887300
nokia,2022-12-28,4.6,4.63,4.56,4.56,4.56,13125000
nokia,2022-12-29,4.61,4.69,4.6,4.68,4.68,9429600
nokia,2022-12-30,4.63,4.65,4.6,4.64,4.64,11280000
nokia,2023-01-03,4.68,4.74,4.66,4.69,4.69,16376000
nokia,2023-01-04,4.79,4.8,4.72,4.73,4.73,16084400
nokia,2023-01-05,4.72,4.74,4.68,4.69,4.69,15254700
nokia,2023-01-06,4.71,4.83,4.66,4.83,4.83,15913200
nokia,2023-01-09,4.88,4.94,4.84,4.84,4.84,15697100
nokia,2023-01-10,4.86,4.89,4.83,4.87,4.87,16100000
nokia,2023-01-11,4.93,4.95,4.9,4.94,4.94,13610300
nokia,2023-01-12,4.96,5.02,4.92,5.02,5.02,21659200
nokia,2023-01-13,5.0,5.04,4.99,5.03,5.03,11614700
